"Order","Source","Type","Canon","LiveAction","YearMade","PlexTitle","Episode","EpisodeName","StoryTime","PlexId"
001,,"Film","OtherFilms","True","1985","Red Sonja",,,"-10000","NULL"
002,,"Film","KingsmanFilms","True","2021","The King's Man",,,"1902","NULL"
003,"ABC","Show","MCUPLUS","True","2020","Marvel's Agents of S.H.I.E.L.D.","s07e01","The New Deal","1931","NULL"
004,"ABC","Show","MCUPLUS","True","2020","Marvel's Agents of S.H.I.E.L.D.","s07e02","Know Your Onions","1931","NULL"
005,"ABC","Show","MCUPLUS","True","2020","Marvel's Agents of S.H.I.E.L.D.","s07e03","Alien Commies from the Future!","1931","NULL"
006,"Marvel","Film","MCU","True","2011","Captain America: The First Avenger",,,"1943","NULL"
007,,"Film","OtherFilms","True","1944","Captain America",,,"1944","NULL"
008,"Marvel","Film","MCU","True","2013","Marvel One-Shot: Agent Carter",,,"1944","NULL"
009,"DPLUS","Show","MCU","False","2022","What If…?","s01e01","What If… Captain Carter Were The First Avenger?","1944","NULL"
010,"ABC","Show","MCU","True","2015","Marvel's Agent Carter","s01e01","Now is Not the End","1946","NULL"
011,"ABC","Show","MCU","True","2015","Marvel's Agent Carter","s01e02","Bridge and Tunnel","1946","NULL"
012,"ABC","Show","MCU","True","2015","Marvel's Agent Carter","s01e03","Time and Tide","1946","NULL"
013,"ABC","Show","MCU","True","2015","Marvel's Agent Carter","s01e04","The Blitzkrieg Button","1946","NULL"
014,"ABC","Show","MCU","True","2015","Marvel's Agent Carter","s01e05","The Iron Ceiling","1946","NULL"
015,"ABC","Show","MCU","True","2015","Marvel's Agent Carter","s01e06","A Sin to Err","1946","NULL"
016,"ABC","Show","MCU","True","2015","Marvel's Agent Carter","s01e07","Snafu","1946","NULL"
017,"ABC","Show","MCU","True","2015","Marvel's Agent Carter","s01e08","Valediction","1946","NULL"
018,"ABC","Show","MCU","True","2016","Marvel's Agent Carter","s02e01","The Lady in the Lake","1947","NULL"
019,"ABC","Show","MCU","True","2016","Marvel's Agent Carter","s02e02","A View in the Dark","1947","NULL"
020,"ABC","Show","MCU","True","2016","Marvel's Agent Carter","s02e03","Better Angels","1947","NULL"
021,"ABC","Show","MCU","True","2016","Marvel's Agent Carter","s02e04","Smoke & Mirrors","1947","NULL"
022,"ABC","Show","MCU","True","2016","Marvel's Agent Carter","s02e05","The Atomic Job","1947","NULL"
023,"ABC","Show","MCU","True","2016","Marvel's Agent Carter","s02e06","Life of the Party","1947","NULL"
024,"ABC","Show","MCU","True","2016","Marvel's Agent Carter","s02e07","Monsters","1947","NULL"
025,"ABC","Show","MCU","True","2016","Marvel's Agent Carter","s02e08","The Edge of Mystery","1947","NULL"
026,"ABC","Show","MCU","True","2016","Marvel's Agent Carter","s02e09","A Little Song and Dance","1947","NULL"
027,"ABC","Show","MCU","True","2016","Marvel's Agent Carter","s02e10","Hollywood Ending","1947","NULL"
028,"ABC","Show","MCUPLUS","True","2020","Marvel's Agents of S.H.I.E.L.D.","s07e04","Out of the Past","1955","NULL"
029,,"Film","X-Men","True","2011","X-Men: First Class",,,"1962","NULL"
030,"ABC","Show","MCUPLUS","True","2020","Marvel's Agents of S.H.I.E.L.D.","s07e05","A Trout in the Milk","1975","NULL"
031,"ABC","Show","MCUPLUS","True","2020","Marvel's Agents of S.H.I.E.L.D.","s07e06","Adapt or Die","1975","NULL"
032,"CBS","Show","Marvel TV 1977 – 2000","True","1977","The Incredible Hulk","s01e01","Final Round","1977","NULL"
033,"CBS","Show","Marvel TV 1977 – 2000","True","1977","The Incredible Hulk","s01e02","The Beast Within","1977","NULL"
034,"CBS","Show","Marvel TV 1977 – 2000","True","1977","The Amazing Spider-Man","s01e01","The Deadly Dust (1)","1977","NULL"
035,"CBS","Show","Marvel TV 1977 – 2000","True","1978","The Amazing Spider-Man","s01e02","The Deadly Dust (2)","1978","NULL"
036,"CBS","Show","Marvel TV 1977 – 2000","True","1978","The Incredible Hulk","s01e03","Of Guilt, Models and Murder","1978","NULL"
037,"CBS","Show","Marvel TV 1977 – 2000","True","1978","The Incredible Hulk","s01e04","Terror in Times Square","1978","NULL"
038,"CBS","Show","Marvel TV 1977 – 2000","True","1978","The Incredible Hulk","s01e05","747","1978","NULL"
039,"CBS","Show","Marvel TV 1977 – 2000","True","1978","The Incredible Hulk","s01e06","The Hulk Breaks Las Vegas","1978","NULL"
040,"CBS","Show","Marvel TV 1977 – 2000","True","1978","The Incredible Hulk","s01e07","Never Give a Trucker an Even Break","1978","NULL"
041,"CBS","Show","Marvel TV 1977 – 2000","True","1978","The Incredible Hulk","s01e08","Life and Death","1978","NULL"
042,"CBS","Show","Marvel TV 1977 – 2000","True","1978","The Incredible Hulk","s01e09","Earthquakes Happen","1978","NULL"
043,"CBS","Show","Marvel TV 1977 – 2000","True","1978","The Incredible Hulk","s01e10","The Waterfront Story","1978","NULL"
044,"CBS","Show","Marvel TV 1977 – 2000","True","1978","The Incredible Hulk","s02e01","Married (1)","1978","NULL"
045,"CBS","Show","Marvel TV 1977 – 2000","True","1978","The Incredible Hulk","s02e02","Married (2)","1978","NULL"
046,"CBS","Show","Marvel TV 1977 – 2000","True","1978","The Incredible Hulk","s02e03","The Antowuk Horror","1978","NULL"
047,"CBS","Show","Marvel TV 1977 – 2000","True","1978","The Incredible Hulk","s02e04","Ricky","1978","NULL"
048,"CBS","Show","Marvel TV 1977 – 2000","True","1978","The Incredible Hulk","s02e05","Rainbow's End","1978","NULL"
049,"CBS","Show","Marvel TV 1977 – 2000","True","1978","The Incredible Hulk","s02e06","A Child in Need","1978","NULL"
050,"CBS","Show","Marvel TV 1977 – 2000","True","1978","The Incredible Hulk","s02e07","Another Path","1978","NULL"
051,"CBS","Show","Marvel TV 1977 – 2000","True","1978","The Incredible Hulk","s02e08","Alice in Disco Land","1978","NULL"
052,"CBS","Show","Marvel TV 1977 – 2000","True","1978","The Incredible Hulk","s02e09","Killer Instinct","1978","NULL"
053,"CBS","Show","Marvel TV 1977 – 2000","True","1978","The Amazing Spider-Man","s01e03","The Curse of Rava","1978","NULL"
054,"CBS","Show","Marvel TV 1977 – 2000","True","1978","The Amazing Spider-Man","s01e04","Night of the Clones","1978","NULL"
055,"CBS","Show","Marvel TV 1977 – 2000","True","1978","The Amazing Spider-Man","s01e05","Escort to Danger","1978","NULL"
056,"CBS","Show","Marvel TV 1977 – 2000","True","1978","The Amazing Spider-Man","s02e01","The Captive Tower","1978","NULL"
057,"CBS","Show","Marvel TV 1977 – 2000","True","1978","The Amazing Spider-Man","s02e02","Matter of State","1978","NULL"
058,"CBS","Show","Marvel TV 1977 – 2000","True","1978","The Amazing Spider-Man","s02e03","The Con Caper","1978","NULL"
059,"CBS","Show","Marvel TV 1977 – 2000","True","1978","The Amazing Spider-Man","s02e04","The Kirkwood Haunting","1978","NULL"
060,"CBS","Show","Marvel TV 1977 – 2000","True","1979","The Amazing Spider-Man","s02e05","Photo Finish","1979","NULL"
061,"CBS","Show","Marvel TV 1977 – 2000","True","1979","The Amazing Spider-Man","s02e06","Wolfpack","1979","NULL"
062,"CBS","Show","Marvel TV 1977 – 2000","True","1979","The Amazing Spider-Man","s02e07","The Chinese Web (1)","1979","NULL"
063,"CBS","Show","Marvel TV 1977 – 2000","True","1979","The Amazing Spider-Man","s02e08","The Chinese Web (2)","1979","NULL"
064,,"Film","X-Men","True","2009","X-Men Origins: Wolverine",,,"1979","NULL"
065,"CBS","Show","Marvel TV 1977 – 2000","True","1979","The Incredible Hulk","s02e11","Escape from Los Santos","1979","NULL"
066,"CBS","Show","Marvel TV 1977 – 2000","True","1979","The Incredible Hulk","s02e12","Wildfire","1979","NULL"
067,"CBS","Show","Marvel TV 1977 – 2000","True","1979","The Incredible Hulk","s02e13","A Solitary Place","1979","NULL"
068,"CBS","Show","Marvel TV 1977 – 2000","True","1979","The Incredible Hulk","s02e14","Like a Brother","1979","NULL"
069,"CBS","Show","Marvel TV 1977 – 2000","True","1979","The Incredible Hulk","s02e15","Haunted","1979","NULL"
070,"CBS","Show","Marvel TV 1977 – 2000","True","1979","The Incredible Hulk","s02e16","Mystery Man (1)","1979","NULL"
071,"CBS","Show","Marvel TV 1977 – 2000","True","1979","The Incredible Hulk","s02e17","Mystery Man (2)","1979","NULL"
072,"CBS","Show","Marvel TV 1977 – 2000","True","1979","The Incredible Hulk","s02e18","The Disciple","1979","NULL"
073,"CBS","Show","Marvel TV 1977 – 2000","True","1979","The Incredible Hulk","s02e19","No Escape","1979","NULL"
074,"CBS","Show","Marvel TV 1977 – 2000","True","1979","The Incredible Hulk","s02e20","Kindred Spirits","1979","NULL"
075,"CBS","Show","Marvel TV 1977 – 2000","True","1979","The Incredible Hulk","s02e21","The Confession","1979","NULL"
076,"CBS","Show","Marvel TV 1977 – 2000","True","1979","The Incredible Hulk","s02e22","The Quiet Room","1979","NULL"
077,"CBS","Show","Marvel TV 1977 – 2000","True","1979","The Incredible Hulk","s02e23","Vendetta Road","1979","NULL"
078,"CBS","Show","Marvel TV 1977 – 2000","True","1979","The Incredible Hulk","s03s01","Metamorphosis","1979","NULL"
079,"CBS","Show","Marvel TV 1977 – 2000","True","1979","The Incredible Hulk","s03s02","Blind Rage","1979","NULL"
080,"CBS","Show","Marvel TV 1977 – 2000","True","1979","The Incredible Hulk","s03s03","Brain Child","1979","NULL"
081,"CBS","Show","Marvel TV 1977 – 2000","True","1979","The Incredible Hulk","s03s04","The Slam","1979","NULL"
082,"CBS","Show","Marvel TV 1977 – 2000","True","1979","The Incredible Hulk","s03s05","My Favorite Magician","1979","NULL"
083,"CBS","Show","Marvel TV 1977 – 2000","True","1979","The Incredible Hulk","s03s06","Jake","1979","NULL"
084,"CBS","Show","Marvel TV 1977 – 2000","True","1979","The Incredible Hulk","s03s07","Behind the Wheel","1979","NULL"
085,"CBS","Show","Marvel TV 1977 – 2000","True","1979","The Incredible Hulk","s03s08","Homecoming","1979","NULL"
086,"CBS","Show","Marvel TV 1977 – 2000","True","1979","The Incredible Hulk","s03s09","The Snare","1979","NULL"
087,"CBS","Show","Marvel TV 1977 – 2000","True","1979","The Incredible Hulk","s03s10","Babalao","1979","NULL"
088,"CBS","Show","Marvel TV 1977 – 2000","True","1979","The Incredible Hulk","s03s11","Captive Night","1979","NULL"
089,"CBS","Show","Marvel TV 1977 – 2000","True","1980","The Incredible Hulk","s03s12","Broken Image","1980","NULL"
090,"CBS","Show","Marvel TV 1977 – 2000","True","1980","The Incredible Hulk","s03s13","Proof Positive","1980","NULL"
091,"CBS","Show","Marvel TV 1977 – 2000","True","1980","The Incredible Hulk","s03s14","Sideshow","1980","NULL"
092,"CBS","Show","Marvel TV 1977 – 2000","True","1980","The Incredible Hulk","s03s15","Long Run Home","1980","NULL"
093,"CBS","Show","Marvel TV 1977 – 2000","True","1980","The Incredible Hulk","s03s16","Falling Angels","1980","NULL"
094,"CBS","Show","Marvel TV 1977 – 2000","True","1980","The Incredible Hulk","s03s17","The Lottery","1980","NULL"
095,"CBS","Show","Marvel TV 1977 – 2000","True","1980","The Incredible Hulk","s03s18","The Psychic","1980","NULL"
096,"CBS","Show","Marvel TV 1977 – 2000","True","1980","The Incredible Hulk","s03s19","A Rock and a Hard Place","1980","NULL"
097,"CBS","Show","Marvel TV 1977 – 2000","True","1980","The Incredible Hulk","s03s20","Deathmask","1980","NULL"
098,"CBS","Show","Marvel TV 1977 – 2000","True","1980","The Incredible Hulk","s03s21","Equinox","1980","NULL"
099,"CBS","Show","Marvel TV 1977 – 2000","True","1980","The Incredible Hulk","s03s22","Nine Hours","1980","NULL"
100,"CBS","Show","Marvel TV 1977 – 2000","True","1980","The Incredible Hulk","s03s23","On the Line","1980","NULL"
101,"CBS","Show","Marvel TV 1977 – 2000","True","1980","The Incredible Hulk","s04e01","Prometheus (1)","1980","NULL"
102,"CBS","Show","Marvel TV 1977 – 2000","True","1980","The Incredible Hulk","s04e02","Prometheus (2)","1980","NULL"
103,"CBS","Show","Marvel TV 1977 – 2000","True","1980","The Incredible Hulk","s04e03","Free Fall","1980","NULL"
104,"CBS","Show","Marvel TV 1977 – 2000","True","1980","The Incredible Hulk","s04e04","Dark Side","1980","NULL"
105,"CBS","Show","Marvel TV 1977 – 2000","True","1980","The Incredible Hulk","s04e05","Deep Shock","1980","NULL"
106,"CBS","Show","Marvel TV 1977 – 2000","True","1981","The Incredible Hulk","s04e06","Bring Me the Head of the Hulk","1981","NULL"
107,"CBS","Show","Marvel TV 1977 – 2000","True","1981","The Incredible Hulk","s04e07","Fast Lane","1981","NULL"
108,"CBS","Show","Marvel TV 1977 – 2000","True","1981","The Incredible Hulk","s04e08","Goodbye Eddie Cain","1981","NULL"
109,"CBS","Show","Marvel TV 1977 – 2000","True","1981","The Incredible Hulk","s04e09","King of the Beach","1981","NULL"
110,"CBS","Show","Marvel TV 1977 – 2000","True","1981","The Incredible Hulk","s04e10","Wax Museum","1981","NULL"
111,"CBS","Show","Marvel TV 1977 – 2000","True","1981","The Incredible Hulk","s04e11","East Winds","1981","NULL"
112,"CBS","Show","Marvel TV 1977 – 2000","True","1981","The Incredible Hulk","s04e12","The First (1)","1981","NULL"
113,"CBS","Show","Marvel TV 1977 – 2000","True","1981","The Incredible Hulk","s04e13","The First (2)","1981","NULL"
114,"CBS","Show","Marvel TV 1977 – 2000","True","1981","The Incredible Hulk","s04e14","The Harder They Fall","1981","NULL"
115,"CBS","Show","Marvel TV 1977 – 2000","True","1981","The Incredible Hulk","s04e15","Interview with the Hulk","1981","NULL"
116,"CBS","Show","Marvel TV 1977 – 2000","True","1981","The Incredible Hulk","s04e16","Half Nelson","1981","NULL"
117,"CBS","Show","Marvel TV 1977 – 2000","True","1981","The Incredible Hulk","s04e17","Danny","1981","NULL"
118,"CBS","Show","Marvel TV 1977 – 2000","True","1981","The Incredible Hulk","s04e18","Patterns","1981","NULL"
119,"CBS","Show","Marvel TV 1977 – 2000","True","1981","The Incredible Hulk","s05e01","The Phenom","1981","NULL"
120,"CBS","Show","Marvel TV 1977 – 2000","True","1981","The Incredible Hulk","s05e02","Two Godmothers","1981","NULL"
121,"CBS","Show","Marvel TV 1977 – 2000","True","1981","The Incredible Hulk","s05e03","Veteran","1981","NULL"
122,"CBS","Show","Marvel TV 1977 – 2000","True","1981","The Incredible Hulk","s05e04","Sanctuary","1981","NULL"
123,"CBS","Show","Marvel TV 1977 – 2000","True","1981","The Incredible Hulk","s05e05","Triangle","1981","NULL"
124,"CBS","Show","Marvel TV 1977 – 2000","True","1982","The Incredible Hulk","s05e06","Slaves","1982","NULL"
125,"CBS","Show","Marvel TV 1977 – 2000","True","1982","The Incredible Hulk","s05e07","A Minor Problem","1982","NULL"
126,"ABC","Show","MCUPLUS","True","2020","Marvel's Agents of S.H.I.E.L.D.","s07e07","The Totally Excellent Adventures of Mack and The D","1982","NULL"
127,"ABC","Show","MCUPLUS","True","2020","Marvel's Agents of S.H.I.E.L.D.","s07e08","After, Before","1983","NULL"
128,"ABC","Show","MCUPLUS","True","2020","Marvel's Agents of S.H.I.E.L.D.","s07e09","As I Have Always Been","1983","NULL"
129,"ABC","Show","MCUPLUS","True","2020","Marvel's Agents of S.H.I.E.L.D.","s07e10","Stolen","1983","NULL"
130,"ABC","Show","MCUPLUS","True","2020","Marvel's Agents of S.H.I.E.L.D.","s07e11","Brand New Day","1983","NULL"
131,"ABC","Show","MCUPLUS","True","2020","Marvel's Agents of S.H.I.E.L.D.","s07e12","The End Is at Hand","1983","NULL"
132,"ABC","Show","MCUPLUS","True","2020","Marvel's Agents of S.H.I.E.L.D.","s07e13","What We're Fighting For","1983","NULL"
133,,"Film","X-Men","True","2016","X-Men: Apocalypse",,,"1983","NULL"
134,,"Film","OtherFilms","True","1986","Howard the Duck",,,"1986","NULL"
135,,"Film","X-Men","True","2019","X-Men: Dark Phoenix",,,"1992","NULL"
136,,"Film","OtherFilms","True","1994","Fantastic Four",,,"1994","NULL"
137,"Marvel","Film","MCU","True","2019","Captain Marvel",,,"1995","NULL"
138,,"Film","OtherFilms","True","1989","The Punisher",,,"1989","NULL"
139,"SYN","Show","Marvel TV 1977 – 2000","True","1997","Nightman","s01e01","Pilot (1)","1997","NULL"
140,"SYN","Show","Marvel TV 1977 – 2000","True","1997","Nightman","s01e02","Pilot (2)","1997","NULL"
141,"SYN","Show","Marvel TV 1977 – 2000","True","1997","Nightman","s01e03","Whole Lotta Shakin'...","1997","NULL"
142,"SYN","Show","Marvel TV 1977 – 2000","True","1997","Nightman","s01e04","I Left My Heart","1997","NULL"
143,"SYN","Show","Marvel TV 1977 – 2000","True","1997","Nightman","s01e05","Still of the Night","1997","NULL"
144,"SYN","Show","Marvel TV 1977 – 2000","True","1997","Nightman","s01e06","Face to Face","1997","NULL"
145,"SYN","Show","Marvel TV 1977 – 2000","True","1997","Nightman","s01e07","Chrome","1997","NULL"
146,"SYN","Show","Marvel TV 1977 – 2000","True","1997","Nightman","s01e08","Takin' It to the Streets","1997","NULL"
147,"SYN","Show","Marvel TV 1977 – 2000","True","1997","Nightman","s01e09","Lady in Red","1997","NULL"
148,"SYN","Show","Marvel TV 1977 – 2000","True","1997","Nightman","s01e10","That Ol' Gang of Mine","1997","NULL"
149,,"Film","MIB","True","1997","Men in Black",,,"1997","NULL"
150,,"Film","Blade","True","1998","Blade",,,"1998","NULL"
151,"SYN","Show","Marvel TV 1977 – 2000","True","1998","Nightman","s01e11","Bad Moon Rising","1998","NULL"
152,"SYN","Show","Marvel TV 1977 – 2000","True","1998","Nightman","s01e12","Constant Craving","1998","NULL"
153,"SYN","Show","Marvel TV 1977 – 2000","True","1998","Nightman","s01e13","You Are Too Beautiful","1998","NULL"
154,"SYN","Show","Marvel TV 1977 – 2000","True","1998","Nightman","s01e14","Do You Believe in Magic?","1998","NULL"
155,"SYN","Show","Marvel TV 1977 – 2000","True","1998","Nightman","s01e15","The House of Soul","1998","NULL"
156,"SYN","Show","Marvel TV 1977 – 2000","True","1998","Nightman","s01e16","Nightwoman","1998","NULL"
157,"SYN","Show","Marvel TV 1977 – 2000","True","1998","Nightman","s01e17","Chrome II","1998","NULL"
158,"SYN","Show","Marvel TV 1977 – 2000","True","1998","Nightman","s01e18","Bad to the Bone","1998","NULL"
159,"SYN","Show","Marvel TV 1977 – 2000","True","1998","Nightman","s01e19","Hitchhiker","1998","NULL"
160,"SYN","Show","Marvel TV 1977 – 2000","True","1998","Nightman","s01e20","Devil in Disguise","1998","NULL"
161,"SYN","Show","Marvel TV 1977 – 2000","True","1998","Nightman","s01e21","Double Vision","1998","NULL"
162,"SYN","Show","Marvel TV 1977 – 2000","True","1998","Nightman","s01e22","Amazing Grace","1998","NULL"
163,"SYN","Show","Marvel TV 1977 – 2000","True","1998","Nightman","s02e01","The Ultraweb","1998","NULL"
164,"SYN","Show","Marvel TV 1977 – 2000","True","1998","Nightman","s02e02","The Black Knight","1998","NULL"
165,"SYN","Show","Marvel TV 1977 – 2000","True","1998","Nightman","s02e03","It Came From Out of the Sky","1998","NULL"
166,"SYN","Show","Marvel TV 1977 – 2000","True","1998","Nightman","s02e04","Book of the Dead","1998","NULL"
167,"SYN","Show","Marvel TV 1977 – 2000","True","1998","Nightman","s02e05","Fear City","1998","NULL"
168,"SYN","Show","Marvel TV 1977 – 2000","True","1998","Nightman","s02e06","Manimal","1998","NULL"
169,"SYN","Show","Marvel TV 1977 – 2000","True","1998","Nightman","s02e07","Knight Life","1998","NULL"
170,"SYN","Show","Marvel TV 1977 – 2000","True","1998","Nightman","s02e08","The People's Choice","1998","NULL"
171,"SYN","Show","Marvel TV 1977 – 2000","True","1999","Nightman","s02e09","Ring of Fire","1999","NULL"
172,"SYN","Show","Marvel TV 1977 – 2000","True","1999","Nightman","s02e10","Sixty Minute Man","1999","NULL"
173,"SYN","Show","Marvel TV 1977 – 2000","True","1999","Nightman","s02e11","Blader","1999","NULL"
174,"SYN","Show","Marvel TV 1977 – 2000","True","1999","Nightman","s02e12","Love and Death","1999","NULL"
175,"SYN","Show","Marvel TV 1977 – 2000","True","1999","Nightman","s02e13","Burning Love","1999","NULL"
176,"SYN","Show","Marvel TV 1977 – 2000","True","1999","Nightman","s02e14","Scent of a Woman","1999","NULL"
177,"SYN","Show","Marvel TV 1977 – 2000","True","1999","Nightman","s02e15","Dust","1999","NULL"
178,"SYN","Show","Marvel TV 1977 – 2000","True","1999","Nightman","s02e16","Spellbound","1999","NULL"
179,"SYN","Show","Marvel TV 1977 – 2000","True","1999","Nightman","s02e17","Double Double","1999","NULL"
180,"SYN","Show","Marvel TV 1977 – 2000","True","1999","Nightman","s02e18","The Enemy Within","1999","NULL"
181,"SYN","Show","Marvel TV 1977 – 2000","True","1999","Nightman","s02e19","Gore","1999","NULL"
182,"SYN","Show","Marvel TV 1977 – 2000","True","1999","Nightman","s02e20","Revelations","1999","NULL"
183,"SYN","Show","Marvel TV 1977 – 2000","True","1999","Nightman","s02e21","Nightwoman Returns","1999","NULL"
184,"SYN","Show","Marvel TV 1977 – 2000","True","1999","Nightman","s02e22","Keyes to the Kingdom of Hell","1999","NULL"
185,,"Film","X-Men","True","2000","X-Men",,,"2000","NULL"
186,"SYN","Show","Marvel TV 2000 – 2010","True","2001","Mutant X","s01e01","The Shock of the New (1)","2001","NULL"
187,"SYN","Show","Marvel TV 2000 – 2010","True","2001","Mutant X","s01e02","I Scream the Body Electric (2)","2001","NULL"
188,"SYN","Show","Marvel TV 2000 – 2010","True","2001","Mutant X","s01e03","Russian Roulette","2001","NULL"
189,"SYN","Show","Marvel TV 2000 – 2010","True","2001","Mutant X","s01e04","Fool for Love","2001","NULL"
190,"SYN","Show","Marvel TV 2000 – 2010","True","2001","Mutant X","s01e05","Kilohertz","2001","NULL"
191,"SYN","Show","Marvel TV 2000 – 2010","True","2001","Mutant X","s01e06","The Meaning of Death","2001","NULL"
192,"SYN","Show","Marvel TV 2000 – 2010","True","2001","Mutant X","s01e07","Lit Fuse","2001","NULL"
193,"SYN","Show","Marvel TV 2000 – 2010","True","2001","Mutant X","s01e08","In the Presence of Mine Enemies","2001","NULL"
194,"SYN","Show","Marvel TV 2000 – 2010","True","2001","Mutant X","s01e09","Crime of the New Century","2001","NULL"
195,"SYN","Show","Marvel TV 2000 – 2010","True","2002","Mutant X","s01e10","Dark Star Rising","2002","NULL"
196,"SYN","Show","Marvel TV 2000 – 2010","True","2002","Mutant X","s01e11","Whiter Shade of Pale","2002","NULL"
197,"SYN","Show","Marvel TV 2000 – 2010","True","2002","Mutant X","s01e12","Double Vision","2002","NULL"
198,"SYN","Show","Marvel TV 2000 – 2010","True","2002","Mutant X","s01e13","Blood Ties","2002","NULL"
199,"SYN","Show","Marvel TV 2000 – 2010","True","2002","Mutant X","s01e14","Altered Ego","2002","NULL"
200,"SYN","Show","Marvel TV 2000 – 2010","True","2002","Mutant X","s01e15","Lazarus Syndrome","2002","NULL"
201,"SYN","Show","Marvel TV 2000 – 2010","True","2002","Mutant X","s01e16","Interface","2002","NULL"
202,"SYN","Show","Marvel TV 2000 – 2010","True","2002","Mutant X","s01e17","Presumed Guilty","2002","NULL"
203,"SYN","Show","Marvel TV 2000 – 2010","True","2002","Mutant X","s01e18","Ex Marks the Spot","2002","NULL"
204,"SYN","Show","Marvel TV 2000 – 2010","True","2002","Mutant X","s01e19","Nothing to Fear","2002","NULL"
205,"SYN","Show","Marvel TV 2000 – 2010","True","2002","Mutant X","s01e20","Deadly Desire","2002","NULL"
206,"SYN","Show","Marvel TV 2000 – 2010","True","2002","Mutant X","s01e21","A Breed Apart","2002","NULL"
207,"SYN","Show","Marvel TV 2000 – 2010","True","2002","Mutant X","s01e22","Dancing on the Razor","2002","NULL"
208,"SYN","Show","Marvel TV 2000 – 2010","True","2002","Mutant X","s02e01","Past as Prologue","2002","NULL"
209,"SYN","Show","Marvel TV 2000 – 2010","True","2002","Mutant X","s02e02","Power Play","2002","NULL"
210,"SYN","Show","Marvel TV 2000 – 2010","True","2002","Mutant X","s02e03","Time Squared","2002","NULL"
211,"SYN","Show","Marvel TV 2000 – 2010","True","2002","Mutant X","s02e04","Whose Woods These Are","2002","NULL"
212,"SYN","Show","Marvel TV 2000 – 2010","True","2002","Mutant X","s02e05","The Future Revealed","2002","NULL"
213,"SYN","Show","Marvel TV 2000 – 2010","True","2002","Mutant X","s02e06","No Man Left Behind","2002","NULL"
214,"SYN","Show","Marvel TV 2000 – 2010","True","2002","Mutant X","s02e07","Crossroads of the Soul","2002","NULL"
215,"SYN","Show","Marvel TV 2000 – 2010","True","2002","Mutant X","s02e08","Sign from Above","2002","NULL"
216,"SYN","Show","Marvel TV 2000 – 2010","True","2002","Mutant X","s02e09","Body and Soul","2002","NULL"
217,,"Film","SpiderFilms","True","2002","Spider-Man",,,"2002","NULL"
218,,"Film","MIB","True","2002","Men in Black II",,,"2002","NULL"
219,,"Film","Blade","True","2002","Blade II",,,"2002","NULL"
220,,"Film","OtherFilms","True","2003","Daredevil",,,"2003","NULL"
221,,"Film","OtherFilms","True","2003","Hulk",,,"2003","NULL"
222,,"Film","X-Men","True","2003","X2: X-Men United",,,"2003","NULL"
223,"SYN","Show","Marvel TV 2000 – 2010","True","2003","Mutant X","s02e10","Understudy","2003","NULL"
224,"SYN","Show","Marvel TV 2000 – 2010","True","2003","Mutant X","s02e11","The Grift","2003","NULL"
225,"SYN","Show","Marvel TV 2000 – 2010","True","2003","Mutant X","s02e12","At Destiny's End","2003","NULL"
226,"SYN","Show","Marvel TV 2000 – 2010","True","2003","Mutant X","s02e13","Within These Walls","2003","NULL"
227,"SYN","Show","Marvel TV 2000 – 2010","True","2003","Mutant X","s02e14","Hard Time","2003","NULL"
228,"SYN","Show","Marvel TV 2000 – 2010","True","2003","Mutant X","s02e15","Under the Cloak of War","2003","NULL"
229,"SYN","Show","Marvel TV 2000 – 2010","True","2003","Mutant X","s02e16","Once Around","2003","NULL"
230,"SYN","Show","Marvel TV 2000 – 2010","True","2003","Mutant X","s02e17","Final Judgment","2003","NULL"
231,"SYN","Show","Marvel TV 2000 – 2010","True","2003","Mutant X","s02e18","Inferno","2003","NULL"
232,"SYN","Show","Marvel TV 2000 – 2010","True","2003","Mutant X","s02e19","One Step Closer","2003","NULL"
233,"SYN","Show","Marvel TV 2000 – 2010","True","2003","Mutant X","s02e20","Reality Check","2003","NULL"
234,"SYN","Show","Marvel TV 2000 – 2010","True","2003","Mutant X","s02e21","Reawakening","2003","NULL"
235,"SYN","Show","Marvel TV 2000 – 2010","True","2003","Mutant X","s02e22","Lest He Become","2003","NULL"
236,"SYN","Show","Marvel TV 2000 – 2010","True","2003","Mutant X","s03e01","Into the Moonless Night","2003","NULL"
237,"SYN","Show","Marvel TV 2000 – 2010","True","2003","Mutant X","s03e02","Wages of Sin","2003","NULL"
238,"SYN","Show","Marvel TV 2000 – 2010","True","2003","Mutant X","s03e03","The Breed","2003","NULL"
239,"SYN","Show","Marvel TV 2000 – 2010","True","2003","Mutant X","s03e04","Where Evil Dwells","2003","NULL"
240,"SYN","Show","Marvel TV 2000 – 2010","True","2003","Mutant X","s03e05","The Taking of Crows","2003","NULL"
241,"SYN","Show","Marvel TV 2000 – 2010","True","2003","Mutant X","s03e06","Shadows of Darkness","2003","NULL"
242,"SYN","Show","Marvel TV 2000 – 2010","True","2003","Mutant X","s03e07","The Hand of God","2003","NULL"
243,"SYN","Show","Marvel TV 2000 – 2010","True","2003","Mutant X","s03e08","Wasteland","2003","NULL"
244,"SYN","Show","Marvel TV 2000 – 2010","True","2003","Mutant X","s03e09","No Exit","2003","NULL"
245,"SYN","Show","Marvel TV 2000 – 2010","True","2004","Mutant X","s03e10","Brother's Keeper","2004","NULL"
246,"SYN","Show","Marvel TV 2000 – 2010","True","2004","Mutant X","s03e11","Possibilities","2004","NULL"
247,"SYN","Show","Marvel TV 2000 – 2010","True","2004","Mutant X","s03e12","Conspiracy Theory","2004","NULL"
248,"SYN","Show","Marvel TV 2000 – 2010","True","2004","Mutant X","s03e13","Art of Attraction","2004","NULL"
249,"SYN","Show","Marvel TV 2000 – 2010","True","2004","Mutant X","s03e14","A Normal Life","2004","NULL"
250,"SYN","Show","Marvel TV 2000 – 2010","True","2004","Mutant X","s03e15","Divided Loyalties","2004","NULL"
251,"SYN","Show","Marvel TV 2000 – 2010","True","2004","Mutant X","s03e16","Age of Innocence","2004","NULL"
252,"SYN","Show","Marvel TV 2000 – 2010","True","2004","Mutant X","s03e17","She's Come Undone","2004","NULL"
253,"SYN","Show","Marvel TV 2000 – 2010","True","2004","Mutant X","s03e18","In Between","2004","NULL"
254,"SYN","Show","Marvel TV 2000 – 2010","True","2004","Mutant X","s03e19","Dream Lover","2004","NULL"
255,"SYN","Show","Marvel TV 2000 – 2010","True","2004","Mutant X","s03e20","The Prophecy","2004","NULL"
256,"SYN","Show","Marvel TV 2000 – 2010","True","2004","Mutant X","s03e21","Cirque des Merveilles","2004","NULL"
257,"SYN","Show","Marvel TV 2000 – 2010","True","2004","Mutant X","s03e22","The Assault","2004","NULL"
258,,"Film","OtherFilms","True","2004","The Punisher",,,"2004","NULL"
259,,"Film","SpiderFilms","True","2004","Spider-Man 2",,,"2004","NULL"
260,,"Film","Blade","True","2004","Blade: Trinity",,,"2004","NULL"
261,,"Film","OtherFilms","True","2005","Elektra",,,"2005","NULL"
262,,"Film","Fantastic Four","True","2005","Fantastic Four",,,"2005","NULL"
263,,"Film","X-Men","True","2006","X-Men: The Last Stand",,,"2006","NULL"
264,"SPIKE","Show","Marvel TV 2000 – 2010","True","2006","Blade: The Series","s01e01","House of Chthon, Part 1","2006","NULL"
265,"SPIKE","Show","Marvel TV 2000 – 2010","True","2006","Blade: The Series","s01e02","House of Chthon, Part 2","2006","NULL"
266,"SPIKE","Show","Marvel TV 2000 – 2010","True","2006","Blade: The Series","s01e03","Death Goes On","2006","NULL"
267,"SPIKE","Show","Marvel TV 2000 – 2010","True","2006","Blade: The Series","s01e04","Descent","2006","NULL"
268,"SPIKE","Show","Marvel TV 2000 – 2010","True","2006","Blade: The Series","s01e05","Bloodlines","2006","NULL"
269,"SPIKE","Show","Marvel TV 2000 – 2010","True","2006","Blade: The Series","s01e06","The Evil Within","2006","NULL"
270,"SPIKE","Show","Marvel TV 2000 – 2010","True","2006","Blade: The Series","s01e07","Delivery","2006","NULL"
271,"SPIKE","Show","Marvel TV 2000 – 2010","True","2006","Blade: The Series","s01e08","Sacrifice","2006","NULL"
272,"SPIKE","Show","Marvel TV 2000 – 2010","True","2006","Blade: The Series","s01e09","Turn of the Screw","2006","NULL"
273,"SPIKE","Show","Marvel TV 2000 – 2010","True","2006","Blade: The Series","s01e10","Angels and Demons","2006","NULL"
274,"SPIKE","Show","Marvel TV 2000 – 2010","True","2006","Blade: The Series","s01e11","Hunters","2006","NULL"
275,"SPIKE","Show","Marvel TV 2000 – 2010","True","2006","Blade: The Series","s01e12","Monsters","2006","NULL"
276,"SPIKE","Show","Marvel TV 2000 – 2010","True","2006","Blade: The Series","s01e13","Conclave","2006","NULL"
277,,"Film","X-Men","True","2013","The Wolverine",,,"2007","NULL"
278,,"Film","OtherFilms","True","2007","Ghost Rider",,,"2007","NULL"
279,,"Film","Fantastic Four","True","2007","Fantastic Four: Rise of the Silver Surfer",,,"2007","NULL"
280,,"Film","SpiderFilms","True","2007","Spider-Man 3",,,"2007","NULL"
281,,"Film","OtherFilms","True","2008","Punisher: War Zone",,,"2008","NULL"
282,,"Film","Kick-Ass","True","2010","Kick-Ass",,,"2010","NULL"
283,"Marvel","Film","MCU","True","2008","Iron Man",,,"2010","NULL"
284,"DPLUS","Show","MCU","False","2022","What If…?","s01e06","What If… Killmonger Rescued Tony Stark?","2010","NULL"
285,"Marvel","Film","MCU","True","2010","Iron Man 2",,,"2011","NULL"
286,"Marvel","Film","MCU","True","2008","The Incredible Hulk",,,"2011","NULL"
287,"DPLUS","Show","MCU","False","2022","What If…?","s01e03","What If… The World Lost Its Mightiest Heroes?","2011","NULL"
288,"Marvel","Film","MCU","True","2011","Marvel One-Shot: The Consultant",,,"2011","NULL"
289,"Marvel","Film","MCU","True","2011","Marvel One-Shot: A Funny Thing Happened on the Way to Thor's Hammer",,,"2011","NULL"
290,"Marvel","Film","MCU","True","2011","Thor",,,"2011","NULL"
291,"DPLUS","Show","MCU","False","2022","What If…?","s01e07","What If… Thor Were an Only Child?","2011","NULL"
292,,"Film","MIB","True","2012","Men in Black 3",,,"2012","NULL"
293,,"Film","OtherFilms","True","2012","Ghost Rider: Spirit of Vengeance",,,"2012","NULL"
294,,"Film","SpiderFilms","True","2012","The Amazing Spider-Man",,,"2012","NULL"
295,"Marvel","Film","MCU","True","2012","The Avengers",,,"2012","NULL"
296,"Marvel","Film","MCU","True","2012","Marvel One-Shot: Item 47",,,"2012","NULL"
297,"Marvel","Film","MCU","True","2013","Iron Man 3",,,"2012","NULL"
298,"Marvel","Film","MCU","True","2014","Marvel One-Shot: All Hail the King",,,"2013","NULL"
299,,"Film","Kick-Ass","True","2013","Kick-Ass 2",,,"2013","NULL"
300,"ABC","Show","MCUPLUS","True","2013","Marvel's Agents of S.H.I.E.L.D.","s01e01","Pilot","2013","NULL"
301,"ABC","Show","MCUPLUS","True","2013","Marvel's Agents of S.H.I.E.L.D.","s01e02","0-8-4","2013","NULL"
302,"ABC","Show","MCUPLUS","True","2013","Marvel's Agents of S.H.I.E.L.D.","s01e03","The Asset","2013","NULL"
303,"ABC","Show","MCUPLUS","True","2013","Marvel's Agents of S.H.I.E.L.D.","s01e04","Eye Spy","2013","NULL"
304,"ABC","Show","MCUPLUS","True","2013","Marvel's Agents of S.H.I.E.L.D.","s01e05","Girl in the Flower Dress","2013","NULL"
305,"ABC","Show","MCUPLUS","True","2013","Marvel's Agents of S.H.I.E.L.D.","s01e06","FZZT","2013","NULL"
306,"ABC","Show","MCUPLUS","True","2013","Marvel's Agents of S.H.I.E.L.D.","s01e07","The Hub","2013","NULL"
307,"Marvel","Film","MCU","True","2013","Thor: The Dark World",,,"2013","NULL"
308,,"Film","SpiderFilms","True","2014","The Amazing Spider-Man 2",,,"2014","NULL"
309,"ABC","Show","MCUPLUS","True","2013","Marvel's Agents of S.H.I.E.L.D.","s01e08","The Well","2014","NULL"
310,"ABC","Show","MCUPLUS","True","2013","Marvel's Agents of S.H.I.E.L.D.","s01e09","Repairs","2014","NULL"
311,"ABC","Show","MCUPLUS","True","2013","Marvel's Agents of S.H.I.E.L.D.","s01e10","The Bridge","2014","NULL"
312,"ABC","Show","MCUPLUS","True","2014","Marvel's Agents of S.H.I.E.L.D.","s01e11","The Magical Place","2014","NULL"
313,"ABC","Show","MCUPLUS","True","2014","Marvel's Agents of S.H.I.E.L.D.","s01e12","Seeds","2014","NULL"
314,"ABC","Show","MCUPLUS","True","2014","Marvel's Agents of S.H.I.E.L.D.","s01e13","T.R.A.C.K.S.","2014","NULL"
315,"ABC","Show","MCUPLUS","True","2014","Marvel's Agents of S.H.I.E.L.D.","s01e14","T.A.H.I.T.I.","2014","NULL"
316,"ABC","Show","MCUPLUS","True","2014","Marvel's Agents of S.H.I.E.L.D.","s01e15","Yes Men","2014","NULL"
317,"ABC","Show","MCUPLUS","True","2014","Marvel's Agents of S.H.I.E.L.D.","s01e16","End of the Beginning","2014","NULL"
318,"Marvel","Film","MCU","True","2014","Captain America: The Winter Soldier",,,"2014","NULL"
319,"ABC","Show","MCUPLUS","True","2014","Marvel's Agents of S.H.I.E.L.D.","s01e17","Turn, Turn, Turn","2014","NULL"
320,"ABC","Show","MCUPLUS","True","2014","Marvel's Agents of S.H.I.E.L.D.","s01e18","Providence","2014","NULL"
321,"ABC","Show","MCUPLUS","True","2014","Marvel's Agents of S.H.I.E.L.D.","s01e19","The Only Light in the Darkness","2014","NULL"
322,"ABC","Show","MCUPLUS","True","2014","Marvel's Agents of S.H.I.E.L.D.","s01e20","Nothing Personal","2014","NULL"
323,"ABC","Show","MCUPLUS","True","2014","Marvel's Agents of S.H.I.E.L.D.","s01e21","Ragtag","2014","NULL"
324,"ABC","Show","MCUPLUS","True","2014","Marvel's Agents of S.H.I.E.L.D.","s01e22","Beginning of the End","2014","NULL"
325,"NFLX","Show","Netflix","True","2015","Marvel's Daredevil","s01e01","Into the Ring","2014","NULL"
326,"NFLX","Show","Netflix","True","2015","Marvel's Daredevil","s01e02","Cut Man","2014","NULL"
327,"NFLX","Show","Netflix","True","2015","Marvel's Daredevil","s01e03","Rabbit in a Snowstorm","2014","NULL"
328,"NFLX","Show","Netflix","True","2015","Marvel's Daredevil","s01e04","In the Blood","2014","NULL"
329,"NFLX","Show","Netflix","True","2015","Marvel's Daredevil","s01e05","World on Fire","2014","NULL"
330,"NFLX","Show","Netflix","True","2015","Marvel's Daredevil","s01e06","Condemned","2014","NULL"
331,"NFLX","Show","Netflix","True","2015","Marvel's Daredevil","s01e07","Stick","2014","NULL"
332,"NFLX","Show","Netflix","True","2015","Marvel's Daredevil","s01e08","Shadows in the Glass","2014","NULL"
333,"NFLX","Show","Netflix","True","2015","Marvel's Daredevil","s01e09","Speak of the Devil","2014","NULL"
334,"NFLX","Show","Netflix","True","2015","Marvel's Daredevil","s01e10","Nelson v. Murdock","2014","NULL"
335,"NFLX","Show","Netflix","True","2015","Marvel's Daredevil","s01e11","The Path of the Righteous","2014","NULL"
336,"NFLX","Show","Netflix","True","2015","Marvel's Daredevil","s01e12","The Ones We Leave Behind","2014","NULL"
337,"NFLX","Show","Netflix","True","2015","Marvel's Daredevil","s01e13","Daredevil","2014","NULL"
338,"Marvel","Film","MCU","True","2014","Guardians of the Galaxy",,,"2014","NULL"
339,"DPLUS","Show","MCU","False","2022","What If…?","s01e02","What If… T'Challa Became a Star-Lord?","2014","NULL"
340,"Marvel","Film","MCU","True","2017","Guardians of the Galaxy Vol. 2",,,"2014","NULL"
341,"ABC","Show","MCUPLUS","True","2014","Marvel's Agents of S.H.I.E.L.D.","s02e01","Shadows","2014","NULL"
342,"ABC","Show","MCUPLUS","True","2014","Marvel's Agents of S.H.I.E.L.D.","s02e02","Heavy Is the Head","2015","NULL"
343,"ABC","Show","MCUPLUS","True","2014","Marvel's Agents of S.H.I.E.L.D.","s02e03","Making Friends and Influencing People","2015","NULL"
344,"ABC","Show","MCUPLUS","True","2014","Marvel's Agents of S.H.I.E.L.D.","s02e04","Face My Enemy","2015","NULL"
345,"ABC","Show","MCUPLUS","True","2014","Marvel's Agents of S.H.I.E.L.D.","s02e05","A Hen in the Wolf House","2015","NULL"
346,"ABC","Show","MCUPLUS","True","2014","Marvel's Agents of S.H.I.E.L.D.","s02e06","A Fractured House","2015","NULL"
347,"ABC","Show","MCUPLUS","True","2014","Marvel's Agents of S.H.I.E.L.D.","s02e07","The Writing on the Wall","2015","NULL"
348,"ABC","Show","MCUPLUS","True","2014","Marvel's Agents of S.H.I.E.L.D.","s02e08","The Things We Bury","2015","NULL"
349,"ABC","Show","MCUPLUS","True","2014","Marvel's Agents of S.H.I.E.L.D.","s02e09","...Ye Who Enter Here","2015","NULL"
350,"ABC","Show","MCUPLUS","True","2014","Marvel's Agents of S.H.I.E.L.D.","s02e10","What They Become","2015","NULL"
351,"ABC","Show","MCUPLUS","True","2015","Marvel's Agents of S.H.I.E.L.D.","s02e11","Aftershocks","2015","NULL"
352,"ABC","Show","MCUPLUS","True","2015","Marvel's Agents of S.H.I.E.L.D.","s02e12","Who You Really Are","2015","NULL"
353,"ABC","Show","MCUPLUS","True","2015","Marvel's Agents of S.H.I.E.L.D.","s02e13","One of Us","2015","NULL"
354,"ABC","Show","MCUPLUS","True","2015","Marvel's Agents of S.H.I.E.L.D.","s02e14","Love in the Time of Hydra","2015","NULL"
355,"ABC","Show","MCUPLUS","True","2015","Marvel's Agents of S.H.I.E.L.D.","s02e15","One Door Closes","2015","NULL"
356,"ABC","Show","MCUPLUS","True","2015","Marvel's Agents of S.H.I.E.L.D.","s02e16","Afterlife","2015","NULL"
357,"ABC","Show","MCUPLUS","True","2015","Marvel's Agents of S.H.I.E.L.D.","s02e17","Melinda","2015","NULL"
358,"ABC","Show","MCUPLUS","True","2015","Marvel's Agents of S.H.I.E.L.D.","s02e18","The Frenemy of My Enemy","2015","NULL"
359,"ABC","Show","MCUPLUS","True","2015","Marvel's Agents of S.H.I.E.L.D.","s02e19","The Dirty Half Dozen","2015","NULL"
360,"Marvel","Film","MCU","True","2015","Avengers: Age of Ultron",,,"2015","NULL"
361,"ABC","Show","MCUPLUS","True","2015","Marvel's Agents of S.H.I.E.L.D.","s02e20","Scars","2015","NULL"
362,"ABC","Show","MCUPLUS","True","2015","Marvel's Agents of S.H.I.E.L.D.","s02e21","S.O.S. (Part One)","2015","NULL"
363,"ABC","Show","MCUPLUS","True","2015","Marvel's Agents of S.H.I.E.L.D.","s02e22","S.O.S. (Part Two)","2015","NULL"
364,"Marvel","Film","MCU","True","2015","Ant-Man",,,"2015","NULL"
365,,"Film","KingsmanFilms","True","2015","Kingsman: The Secret Service",,,"2015","NULL"
366,"WEB","Show","MCUPLUS","True","2015","WHIH Newsfront","s01e01","WHIH Newsfront Promo","2015","NULL"
367,"WEB","Show","MCUPLUS","True","2015","WHIH Newsfront","s01e02","WHIH Newsfront Top Stories","2015","NULL"
368,"WEB","Show","MCUPLUS","True","2015","WHIH Newsfront","s01e03","WHIH EXCLUSIVE: 2012 VistaCorp break-in security footage involving cyber-criminal Scott Lang","2015","NULL"
369,"WEB","Show","MCUPLUS","True","2015","WHIH Newsfront","s01e04","WIRED Insider Interviews Darren Cross, CEO of Pym Technologies","2015","NULL"
370,"WEB","Show","MCUPLUS","True","2015","WHIH Newsfront","s01e05","WHIH Exclusive: Scott Lang Interview  season finale","2015","NULL"
371,"NFLX","Show","Netflix","True","2015","Marvel's Jessica Jones","s01e01","AKA Ladies Night","2015","NULL"
372,"NFLX","Show","Netflix","True","2015","Marvel's Jessica Jones","s01e02","AKA Crush Syndrome","2015","NULL"
373,"NFLX","Show","Netflix","True","2015","Marvel's Jessica Jones","s01e03","AKA It's Called Whiskey","2015","NULL"
374,"NFLX","Show","Netflix","True","2015","Marvel's Jessica Jones","s01e04","AKA 99 Friends","2015","NULL"
375,"NFLX","Show","Netflix","True","2015","Marvel's Jessica Jones","s01e05","AKA The Sandwich Saved Me","2015","NULL"
376,"NFLX","Show","Netflix","True","2015","Marvel's Jessica Jones","s01e06","AKA You're a Winner!","2015","NULL"
377,"NFLX","Show","Netflix","True","2015","Marvel's Jessica Jones","s01e06","AKA You're a Winner","2015","NULL"
378,"NFLX","Show","Netflix","True","2015","Marvel's Jessica Jones","s01e07","AKA Top Shelf Perverts","2015","NULL"
379,"NFLX","Show","Netflix","True","2015","Marvel's Jessica Jones","s01e08","AKA WWJD?","2015","NULL"
380,"NFLX","Show","Netflix","True","2015","Marvel's Jessica Jones","s01e09","AKA Sin Bin","2015","NULL"
381,"NFLX","Show","Netflix","True","2015","Marvel's Jessica Jones","s01e10","AKA 1,000 Cuts","2015","NULL"
382,"NFLX","Show","Netflix","True","2015","Marvel's Jessica Jones","s01e11","AKA I've Got the Blues","2015","NULL"
383,"NFLX","Show","Netflix","True","2015","Marvel's Jessica Jones","s01e12","AKA Take a Bloody Number","2015","NULL"
384,"NFLX","Show","Netflix","True","2015","Marvel's Jessica Jones","s01e13","AKA Smile","2015","NULL"
385,,"Film","MCU_Sony","True","2018","Venom",,,"2015","NULL"
386,,"Film","OtherFilms","True","2015","Fantastic Four",,,"2015","NULL"
387,"NFLX","Show","Netflix","True","2016","Marvel's Daredevil","s02e01","Bang","2015","NULL"
388,"NFLX","Show","Netflix","True","2016","Marvel's Daredevil","s02e02","Dogs to a Gunfight","2015","NULL"
389,"NFLX","Show","Netflix","True","2016","Marvel's Daredevil","s02e03","New York's Finest","2015","NULL"
390,"NFLX","Show","Netflix","True","2016","Marvel's Daredevil","s02e04","Penny and Dime","2015","NULL"
391,"NFLX","Show","Netflix","True","2016","Marvel's Daredevil","s02e05","Kinbaku","2015","NULL"
392,"NFLX","Show","Netflix","True","2016","Marvel's Daredevil","s02e06","Regrets Only","2015","NULL"
393,"NFLX","Show","Netflix","True","2016","Marvel's Daredevil","s02e07","Semper Fidelis","2015","NULL"
394,"NFLX","Show","Netflix","True","2016","Marvel's Daredevil","s02e08","Guilty as Sin","2015","NULL"
395,"NFLX","Show","Netflix","True","2016","Marvel's Daredevil","s02e09","Seven Minutes in Heaven","2015","NULL"
396,"NFLX","Show","Netflix","True","2016","Marvel's Daredevil","s02e10","The Man in the Box","2015","NULL"
397,"NFLX","Show","Netflix","True","2016","Marvel's Daredevil","s02e11",".380","2015","NULL"
398,"NFLX","Show","Netflix","True","2016","Marvel's Daredevil","s02e12","The Dark at the End of the Tunnel","2015","NULL"
399,"NFLX","Show","Netflix","True","2016","Marvel's Daredevil","s02e13","A Cold Day in Hell's Kitchen","2015","NULL"
400,"NFLX","Show","Netflix","True","2016","Marvel's Luke Cage","s01e01","Moment of Truth","2015","NULL"
401,"NFLX","Show","Netflix","True","2016","Marvel's Luke Cage","s01e02","Code of the Streets","2015","NULL"
402,"NFLX","Show","Netflix","True","2016","Marvel's Luke Cage","s01e03","Who's Gonna Take the Weight?","2015","NULL"
403,"NFLX","Show","Netflix","True","2016","Marvel's Luke Cage","s01e04","Step in the Arena","2015","NULL"
404,"NFLX","Show","Netflix","True","2016","Marvel's Luke Cage","s01e05","Just to Get a Rep","2015","NULL"
405,"NFLX","Show","Netflix","True","2016","Marvel's Luke Cage","s01e06","Suckas Need Bodyguards","2015","NULL"
406,"NFLX","Show","Netflix","True","2016","Marvel's Luke Cage","s01e07","Manifest","2015","NULL"
407,"NFLX","Show","Netflix","True","2016","Marvel's Luke Cage","s01e08","Blowin' Up the Spot","2015","NULL"
408,"NFLX","Show","Netflix","True","2016","Marvel's Luke Cage","s01e09","DWYCK","2015","NULL"
409,"NFLX","Show","Netflix","True","2016","Marvel's Luke Cage","s01e10","Take It Personal","2015","NULL"
410,"NFLX","Show","Netflix","True","2016","Marvel's Luke Cage","s01e11","Now You're Mine","2015","NULL"
411,"NFLX","Show","Netflix","True","2016","Marvel's Luke Cage","s01e12","Soliloquy of Chaos","2015","NULL"
412,"NFLX","Show","Netflix","True","2016","Marvel's Luke Cage","s01e13","You Know My Steez","2015","NULL"
413,"ABC","Show","MCUPLUS","True","2015","Marvel's Agents of S.H.I.E.L.D.","s03e01","Laws of Nature","2015","NULL"
414,"ABC","Show","MCUPLUS","True","2015","Marvel's Agents of S.H.I.E.L.D.","s03e02","Purpose in the Machine","2015","NULL"
415,"ABC","Show","MCUPLUS","True","2015","Marvel's Agents of S.H.I.E.L.D.","s03e03","A Wanted (Inhu)man","2015","NULL"
416,"ABC","Show","MCUPLUS","True","2015","Marvel's Agents of S.H.I.E.L.D.","s03e04","Devils You Know","2015","NULL"
417,"ABC","Show","MCUPLUS","True","2015","Marvel's Agents of S.H.I.E.L.D.","s03e05","4,722 Hours","2015","NULL"
418,"ABC","Show","MCUPLUS","True","2015","Marvel's Agents of S.H.I.E.L.D.","s03e06","Among Us Hide...","2015","NULL"
419,"ABC","Show","MCUPLUS","True","2015","Marvel's Agents of S.H.I.E.L.D.","s03e07","Chaos Theory","2015","NULL"
420,"ABC","Show","MCUPLUS","True","2015","Marvel's Agents of S.H.I.E.L.D.","s03e08","Many Heads, One Tale","2015","NULL"
421,"ABC","Show","MCUPLUS","True","2015","Marvel's Agents of S.H.I.E.L.D.","s03e09","Closure","2015","NULL"
422,"ABC","Show","MCUPLUS","True","2015","Marvel's Agents of S.H.I.E.L.D.","s03e10","Maveth","2015","NULL"
423,"ABC","Show","MCUPLUS","True","2016","Marvel's Agents of S.H.I.E.L.D.","s03e11","Bouncing Back","2016","NULL"
424,"ABC","Show","MCUPLUS","True","2016","Marvel's Agents of S.H.I.E.L.D.","s03e12","The Inside Man","2016","NULL"
425,"ABC","Show","MCUPLUS","True","2016","Marvel's Agents of S.H.I.E.L.D.","s03e13","Parting Shot","2016","NULL"
426,"ABC","Show","MCUPLUS","True","2016","Marvel's Agents of S.H.I.E.L.D.","s03e14","Watchdogs","2016","NULL"
427,"ABC","Show","MCUPLUS","True","2016","Marvel's Agents of S.H.I.E.L.D.","s03e15","Spacetime","2016","NULL"
428,"ABC","Show","MCUPLUS","True","2016","Marvel's Agents of S.H.I.E.L.D.","s03e16","Paradise Lost","2016","NULL"
429,"ABC","Show","MCUPLUS","True","2016","Marvel's Agents of S.H.I.E.L.D.","s03e17","The Team","2016","NULL"
430,"ABC","Show","MCUPLUS","True","2016","Marvel's Agents of S.H.I.E.L.D.","s03e18","The Singularity","2016","NULL"
431,"ABC","Show","MCUPLUS","True","2016","Marvel's Agents of S.H.I.E.L.D.","s03e19","Failed Experiments","2016","NULL"
432,"Marvel","Film","MCU","True","2016","Captain America: Civil War",,,"2016","NULL"
433,"WEB","Show","MCUPLUS","True","2016","WHIH Newsfront","s02e01","AVENGERS IMPACT: A WHIH Newsfront Special Report","2016","NULL"
434,"WEB","Show","MCUPLUS","True","2016","WHIH Newsfront","s02e02","WHIH Newsfront: The Cost of Saving The World","2016","NULL"
435,"WEB","Show","MCUPLUS","True","2016","WHIH Newsfront","s02e03","WHIH Newsfront: The Avengers and The White House","2016","NULL"
436,"WEB","Show","MCUPLUS","True","2016","WHIH Newsfront","s02e04","WHIH Newsfront Exclusive: President Ellis Discusses the Avengers","2016","NULL"
437,"WEB","Show","MCUPLUS","True","2016","WHIH Newsfront","s02e05","WHIH Breaking News: Attack in Lagos  series finale","2016","NULL"
438,"ABC","Show","MCUPLUS","True","2016","Marvel's Agents of S.H.I.E.L.D.","s03e20","Emancipation","2016","NULL"
439,"ABC","Show","MCUPLUS","True","2016","Marvel's Agents of S.H.I.E.L.D.","s03e21","Absolution","2016","NULL"
440,"ABC","Show","MCUPLUS","True","2016","Marvel's Agents of S.H.I.E.L.D.","s03e22","Ascension","2016","NULL"
441,"ABC","Show","MCUPLUS","True","2016","Marvel's Agents of S.H.I.E.L.D.","s04e01","The Ghost","2016","NULL"
442,"ABC","Show","MCUPLUS","True","2016","Marvel's Agents of S.H.I.E.L.D.","s04e02","Meet the New Boss","2016","NULL"
443,"ABC","Show","MCUPLUS","True","2016","Marvel's Agents of S.H.I.E.L.D.","s04e03","Uprising","2016","NULL"
444,"ABC","Show","MCUPLUS","True","2016","Marvel's Agents of S.H.I.E.L.D.","s04e04","Let Me Stand Next to Your Fire","2016","NULL"
445,"ABC","Show","MCUPLUS","True","2016","Marvel's Agents of S.H.I.E.L.D.","s04e05","Lockup","2016","NULL"
446,"ABC","Show","MCUPLUS","True","2016","Marvel's Agents of S.H.I.E.L.D.","s04e06","The Good Samaritan","2016","NULL"
447,"ABC","Show","MCUPLUS","True","2016","Marvel's Agents of S.H.I.E.L.D.","s04e07","Deals with Our Devils","2016","NULL"
448,"ABC","Show","MCUPLUS","True","2016","Marvel's Agents of S.H.I.E.L.D.","s04e08","The Laws of Inferno Dynamics","2016","NULL"
449,"ABC","Show","MCUPLUS","True","2016","Marvel's Agents of S.H.I.E.L.D.: Slingshot","s01e01","Slingshot Episode 1: Vendetta – Marvel’s Agents of S.H.I.E.L.D.","2016","NULL"
450,"ABC","Show","MCUPLUS","True","2016","Marvel's Agents of S.H.I.E.L.D.: Slingshot","s01e01","Slingshot: Vendetta","2016","NULL"
451,"ABC","Show","MCUPLUS","True","2016","Marvel's Agents of S.H.I.E.L.D.: Slingshot","s01e02","Slingshot Episode 2: John Hancock – Marvel’s Agents of S.H.I.E.L.D.","2016","NULL"
452,"ABC","Show","MCUPLUS","True","2016","Marvel's Agents of S.H.I.E.L.D.: Slingshot","s01e02","Slingshot: John Hancock","2016","NULL"
453,"ABC","Show","MCUPLUS","True","2016","Marvel's Agents of S.H.I.E.L.D.: Slingshot","s01e03","Slingshot Episode 3: Progress – Marvel’s Agents of S.H.I.E.L.D.","2016","NULL"
454,"ABC","Show","MCUPLUS","True","2016","Marvel's Agents of S.H.I.E.L.D.: Slingshot","s01e03","Slingshot: Progress","2016","NULL"
455,"ABC","Show","MCUPLUS","True","2016","Marvel's Agents of S.H.I.E.L.D.: Slingshot","s01e04","Slingshot Episode 4: Reunion – Marvel’s Agents of S.H.I.E.L.D.","2016","NULL"
456,"ABC","Show","MCUPLUS","True","2016","Marvel's Agents of S.H.I.E.L.D.: Slingshot","s01e04","Slingshot: Reunion","2016","NULL"
457,"ABC","Show","MCUPLUS","True","2016","Marvel's Agents of S.H.I.E.L.D.: Slingshot","s01e05","Slingshot Episode 5: Deal Breaker – Marvel’s Agents of S.H.I.E.L.D.","2016","NULL"
458,"ABC","Show","MCUPLUS","True","2016","Marvel's Agents of S.H.I.E.L.D.: Slingshot","s01e05","Slingshot: Deal Breaker","2016","NULL"
459,"ABC","Show","MCUPLUS","True","2016","Marvel's Agents of S.H.I.E.L.D.: Slingshot","s01e06","Slingshot Episode 6: Justicia – Marvel’s Agents of S.H.I.E.L.D.","2016","NULL"
460,"ABC","Show","MCUPLUS","True","2016","Marvel's Agents of S.H.I.E.L.D.: Slingshot","s01e06","Slingshot: Justicia","2016","NULL"
461,"ABC","Show","MCUPLUS","True","2017","Marvel's Agents of S.H.I.E.L.D.","s04e09","Broken Promises","2016","NULL"
462,"ABC","Show","MCUPLUS","True","2017","Marvel's Agents of S.H.I.E.L.D.","s04e10","The Patriot","2016","NULL"
463,"ABC","Show","MCUPLUS","True","2017","Marvel's Agents of S.H.I.E.L.D.","s04e11","Wake Up","2016","NULL"
464,"ABC","Show","MCUPLUS","True","2017","Marvel's Agents of S.H.I.E.L.D.","s04e12","Hot Potato Soup","2016","NULL"
465,"ABC","Show","MCUPLUS","True","2017","Marvel's Agents of S.H.I.E.L.D.","s04e13","BOOM","2016","NULL"
466,"ABC","Show","MCUPLUS","True","2017","Marvel's Agents of S.H.I.E.L.D.","s04e14","The Man Behind the Shield","2016","NULL"
467,"ABC","Show","MCUPLUS","True","2017","Marvel's Agents of S.H.I.E.L.D.","s04e15","Self Control","2016","NULL"
468,"ABC","Show","MCUPLUS","True","2017","Marvel's Agents of S.H.I.E.L.D.","s04e16","What If...","2016","NULL"
469,"ABC","Show","MCUPLUS","True","2017","Marvel's Agents of S.H.I.E.L.D.","s04e17","Identity and Change","2016","NULL"
470,"ABC","Show","MCUPLUS","True","2017","Marvel's Agents of S.H.I.E.L.D.","s04e18","No Regrets","2016","NULL"
471,"ABC","Show","MCUPLUS","True","2017","Marvel's Agents of S.H.I.E.L.D.","s04e19","All the Madame's Men","2016","NULL"
472,"ABC","Show","MCUPLUS","True","2017","Marvel's Agents of S.H.I.E.L.D.","s04e20","Farewell, Cruel World!","2016","NULL"
473,"ABC","Show","MCUPLUS","True","2017","Marvel's Agents of S.H.I.E.L.D.","s04e21","The Return","2016","NULL"
474,"ABC","Show","MCUPLUS","True","2017","Marvel's Agents of S.H.I.E.L.D.","s04e22","World's End","2016","NULL"
475,"NFLX","Show","Netflix","True","2017","Marvel's Iron Fist","s01e01","Snow Gives Way","2016","NULL"
476,"NFLX","Show","Netflix","True","2017","Marvel's Iron Fist","s01e02","Shadow Hawk Takes Flight","2016","NULL"
477,"NFLX","Show","Netflix","True","2017","Marvel's Iron Fist","s01e03","Rolling Thunder Cannon Punch","2016","NULL"
478,"NFLX","Show","Netflix","True","2017","Marvel's Iron Fist","s01e04","Eight Diagram Dragon Palm","2016","NULL"
479,"NFLX","Show","Netflix","True","2017","Marvel's Iron Fist","s01e05","Under Leaf Pluck Lotus","2016","NULL"
480,"NFLX","Show","Netflix","True","2017","Marvel's Iron Fist","s01e06","Immortal Emerges from Cave","2016","NULL"
481,"NFLX","Show","Netflix","True","2017","Marvel's Iron Fist","s01e07","Felling Tree with Roots","2016","NULL"
482,"NFLX","Show","Netflix","True","2017","Marvel's Iron Fist","s01e08","The Blessing of Many Fractures","2016","NULL"
483,"NFLX","Show","Netflix","True","2017","Marvel's Iron Fist","s01e09","The Mistress of All Agonies","2016","NULL"
484,"NFLX","Show","Netflix","True","2017","Marvel's Iron Fist","s01e10","Black Tiger Steals Heart","2016","NULL"
485,"NFLX","Show","Netflix","True","2017","Marvel's Iron Fist","s01e11","Lead Horse Back to Stable","2016","NULL"
486,"NFLX","Show","Netflix","True","2017","Marvel's Iron Fist","s01e12","Bar the Big Boss","2016","NULL"
487,"NFLX","Show","Netflix","True","2017","Marvel's Iron Fist","s01e13","Dragon Plays with Fire","2016","NULL"
488,"NFLX","Show","Netflix","True","2017","Marvel's The Defenders","s01e01","The H Word","2016","NULL"
489,"NFLX","Show","Netflix","True","2017","Marvel's The Defenders","s01e02","Mean Right Hook","2016","NULL"
490,"NFLX","Show","Netflix","True","2017","Marvel's The Defenders","s01e03","Worst Behavior","2016","NULL"
491,"NFLX","Show","Netflix","True","2017","Marvel's The Defenders","s01e04","Royal Dragon","2016","NULL"
492,"NFLX","Show","Netflix","True","2017","Marvel's The Defenders","s01e05","Take Shelter","2016","NULL"
493,"NFLX","Show","Netflix","True","2017","Marvel's The Defenders","s01e06","Ashes, Ashes","2016","NULL"
494,"NFLX","Show","Netflix","True","2017","Marvel's The Defenders","s01e07","Fish in the Jailhouse","2016","NULL"
495,"NFLX","Show","Netflix","True","2017","Marvel's The Defenders","s01e08","The Defenders","2016","NULL"
496,"Marvel","Film","MCU","True","2017","Spider-Man: Homecoming",,,"2016","NULL"
497,"NFLX","Show","Netflix","True","2017","Marvel's The Punisher","s01e01","3 AM","2016","NULL"
498,"NFLX","Show","Netflix","True","2017","Marvel's The Punisher","s01e02","Two Dead Men","2016","NULL"
499,"NFLX","Show","Netflix","True","2017","Marvel's The Punisher","s01e03","Kandahar","2016","NULL"
500,"NFLX","Show","Netflix","True","2017","Marvel's The Punisher","s01e04","Resupply","2016","NULL"
501,"NFLX","Show","Netflix","True","2017","Marvel's The Punisher","s01e05","Gunner","2016","NULL"
502,"NFLX","Show","Netflix","True","2017","Marvel's The Punisher","s01e06","The Judas Goat","2016","NULL"
503,"NFLX","Show","Netflix","True","2017","Marvel's The Punisher","s01e07","Crosshairs","2016","NULL"
504,"NFLX","Show","Netflix","True","2017","Marvel's The Punisher","s01e08","Cold Steel","2016","NULL"
505,"NFLX","Show","Netflix","True","2017","Marvel's The Punisher","s01e09","Front Toward Enemy","2016","NULL"
506,"NFLX","Show","Netflix","True","2017","Marvel's The Punisher","s01e10","Virtue of the Vicious","2016","NULL"
507,"NFLX","Show","Netflix","True","2017","Marvel's The Punisher","s01e11","Danger Close","2016","NULL"
508,"NFLX","Show","Netflix","True","2017","Marvel's The Punisher","s01e12","Home","2016","NULL"
509,"NFLX","Show","Netflix","True","2017","Marvel's The Punisher","s01e13","Memento Mori","2016","NULL"
510,"Marvel","Film","MCU","True","2016","Doctor Strange",,,"2016","NULL"
511,,"Film","X-Men","True","2016","Deadpool",,,"2016","NULL"
512,,"Film","KingsmanFilms","True","2017","Kingsman: The Golden Circle",,,"2017","NULL"
513,"Marvel","Film","MCU","True","2018","Black Panther",,,"2017","NULL"
514,"DPLUS","Show","MCU","False","2022","What If…?","s01e04","What If… Doctor Strange Lost His Heart Instead of His Hands?","2017","NULL"
515,"Marvel","Film","MCU","True","2021","Black Widow",,,"2017","NULL"
516,"NFLX","Show","Netflix","True","2018","Marvel's Jessica Jones","s02e01","AKA Start at the Beginning","2017","NULL"
517,"NFLX","Show","Netflix","True","2018","Marvel's Jessica Jones","s02e02","AKA Freak Accident","2017","NULL"
518,"NFLX","Show","Netflix","True","2018","Marvel's Jessica Jones","s02e03","AKA Sole Survivor","2017","NULL"
519,"NFLX","Show","Netflix","True","2018","Marvel's Jessica Jones","s02e04","AKA God Help the Hobo","2017","NULL"
520,"NFLX","Show","Netflix","True","2018","Marvel's Jessica Jones","s02e05","AKA The Octopus","2017","NULL"
521,"NFLX","Show","Netflix","True","2018","Marvel's Jessica Jones","s02e06","AKA Facetime","2017","NULL"
522,"NFLX","Show","Netflix","True","2018","Marvel's Jessica Jones","s02e07","AKA I Want Your Cray Cray","2017","NULL"
523,"NFLX","Show","Netflix","True","2018","Marvel's Jessica Jones","s02e08","AKA Ain't We Got Fun","2017","NULL"
524,"NFLX","Show","Netflix","True","2018","Marvel's Jessica Jones","s02e09","AKA Shark in the Bathtub, Monster in the Bed","2017","NULL"
525,"NFLX","Show","Netflix","True","2018","Marvel's Jessica Jones","s02e10","AKA Pork Chop","2017","NULL"
526,"NFLX","Show","Netflix","True","2018","Marvel's Jessica Jones","s02e11","AKA Three Lives and Counting","2017","NULL"
527,"NFLX","Show","Netflix","True","2018","Marvel's Jessica Jones","s02e12","AKA Pray for My Patsy","2017","NULL"
528,"NFLX","Show","Netflix","True","2018","Marvel's Jessica Jones","s02e13","AKA Playland","2017","NULL"
529,"ABC","Show","MCUPLUS","True","2017","Marvel's Inhumans","s01e01","Behold...The Inhumans","2017","NULL"
530,"ABC","Show","MCUPLUS","True","2017","Marvel's Inhumans","s01e02","Those Who Would Destroy Us","2017","NULL"
531,"ABC","Show","MCUPLUS","True","2017","Marvel's Inhumans","s01e03","Divide and Conquer","2017","NULL"
532,"ABC","Show","MCUPLUS","True","2017","Marvel's Inhumans","s01e04","Make Way For... Medusa","2017","NULL"
533,"ABC","Show","MCUPLUS","True","2017","Marvel's Inhumans","s01e05","Something Inhuman This Way Comes...","2017","NULL"
534,"ABC","Show","MCUPLUS","True","2017","Marvel's Inhumans","s01e06","The Gentleman's Name is Gorgon","2017","NULL"
535,"ABC","Show","MCUPLUS","True","2017","Marvel's Inhumans","s01e07","Havoc in the Hidden Land","2017","NULL"
536,"ABC","Show","MCUPLUS","True","2017","Marvel's Inhumans","s01e08","...And Finally: Black Bolt","2017","NULL"
537,"NFLX","Show","Netflix","True","2018","Marvel's Luke Cage","s02e01","Soul Brother #1","2017","NULL"
538,"NFLX","Show","Netflix","True","2018","Marvel's Luke Cage","s02e02","Straighten It Out","2017","NULL"
539,"NFLX","Show","Netflix","True","2018","Marvel's Luke Cage","s02e03","Wig Out","2017","NULL"
540,"NFLX","Show","Netflix","True","2018","Marvel's Luke Cage","s02e04","I Get Physical","2017","NULL"
541,"NFLX","Show","Netflix","True","2018","Marvel's Luke Cage","s02e05","All Souled Out","2017","NULL"
542,"NFLX","Show","Netflix","True","2018","Marvel's Luke Cage","s02e06","The Basement","2017","NULL"
543,"NFLX","Show","Netflix","True","2018","Marvel's Luke Cage","s02e07","On and On","2017","NULL"
544,"NFLX","Show","Netflix","True","2018","Marvel's Luke Cage","s02e08","If It Ain't Rough, It Ain't Right","2017","NULL"
545,"NFLX","Show","Netflix","True","2018","Marvel's Luke Cage","s02e09","For Pete's Sake","2017","NULL"
546,"NFLX","Show","Netflix","True","2018","Marvel's Luke Cage","s02e10","The Main Ingredient","2017","NULL"
547,"NFLX","Show","Netflix","True","2018","Marvel's Luke Cage","s02e11","The Creator","2017","NULL"
548,"NFLX","Show","Netflix","True","2018","Marvel's Luke Cage","s02e12","Can't Front on Me","2017","NULL"
549,"NFLX","Show","Netflix","True","2018","Marvel's Luke Cage","s02e13","They Reminisce Over You","2017","NULL"
550,"NFLX","Show","Netflix","True","2018","Marvel's Iron Fist","s02e01","The Fury of Iron Fist","2017","NULL"
551,"NFLX","Show","Netflix","True","2018","Marvel's Iron Fist","s02e02","The City's Not for Burning","2017","NULL"
552,"NFLX","Show","Netflix","True","2018","Marvel's Iron Fist","s02e03","This Deadly Secret...","2017","NULL"
553,"NFLX","Show","Netflix","True","2018","Marvel's Iron Fist","s02e04","Target: Iron Fist","2017","NULL"
554,"NFLX","Show","Netflix","True","2018","Marvel's Iron Fist","s02e05","Heart of the Dragon","2017","NULL"
555,"NFLX","Show","Netflix","True","2018","Marvel's Iron Fist","s02e06","The Dragon Dies at Dawn","2017","NULL"
556,"NFLX","Show","Netflix","True","2018","Marvel's Iron Fist","s02e07","Morning of the Mindstorm","2017","NULL"
557,"NFLX","Show","Netflix","True","2018","Marvel's Iron Fist","s02e08","Citadel on the Edge of Vengeance","2017","NULL"
558,"NFLX","Show","Netflix","True","2018","Marvel's Iron Fist","s02e09","War Without End","2017","NULL"
559,"NFLX","Show","Netflix","True","2018","Marvel's Iron Fist","s02e10","A Duel of Iron","2017","NULL"
560,"NFLX","Show","Netflix","True","2018","Marvel's Daredevil","s3e01","Resurrection","2017","NULL"
561,"NFLX","Show","Netflix","True","2018","Marvel's Daredevil","s3e02","Please","2017","NULL"
562,"NFLX","Show","Netflix","True","2018","Marvel's Daredevil","s3e03","No Good Deed","2017","NULL"
563,"NFLX","Show","Netflix","True","2018","Marvel's Daredevil","s3e04","Blindsided","2017","NULL"
564,"NFLX","Show","Netflix","True","2018","Marvel's Daredevil","s3e05","The Perfect Game","2017","NULL"
565,"NFLX","Show","Netflix","True","2018","Marvel's Daredevil","s3e06","The Devil You Know","2017","NULL"
566,"NFLX","Show","Netflix","True","2018","Marvel's Daredevil","s3e07","Aftermath","2017","NULL"
567,"NFLX","Show","Netflix","True","2018","Marvel's Daredevil","s3e08","Upstairs/Downstairs","2017","NULL"
568,"NFLX","Show","Netflix","True","2018","Marvel's Daredevil","s3e09","Revelations","2017","NULL"
569,"NFLX","Show","Netflix","True","2018","Marvel's Daredevil","s3e10","Karen","2017","NULL"
570,"NFLX","Show","Netflix","True","2018","Marvel's Daredevil","s3e11","Reunion","2017","NULL"
571,"NFLX","Show","Netflix","True","2018","Marvel's Daredevil","s3e12","One Last Shot","2017","NULL"
572,"NFLX","Show","Netflix","True","2018","Marvel's Daredevil","s3e13","A New Napkin","2017","NULL"
573,"HULU","Show","MCUPLUS","True","2020","Helstrom","s01e01","Mother’s Little Helpers","2017","NULL"
574,"HULU","Show","MCUPLUS","True","2020","Helstrom","s01e02","Viaticum","2017","NULL"
575,"HULU","Show","MCUPLUS","True","2020","Helstrom","s01e03","The One Who Got Away","2017","NULL"
576,"HULU","Show","MCUPLUS","True","2020","Helstrom","s01e04","Containment","2017","NULL"
577,"HULU","Show","MCUPLUS","True","2020","Helstrom","s01e05","Committed","2017","NULL"
578,"HULU","Show","MCUPLUS","True","2020","Helstrom","s01e06","Leviathan","2017","NULL"
579,"HULU","Show","MCUPLUS","True","2020","Helstrom","s01e07","Scars","2017","NULL"
580,"HULU","Show","MCUPLUS","True","2020","Helstrom","s01e08","Underneath","2017","NULL"
581,"HULU","Show","MCUPLUS","True","2020","Helstrom","s01e09","Vessels","2017","NULL"
582,"HULU","Show","MCUPLUS","True","2020","Helstrom","s01e10","Hell Storm","2017","NULL"
583,"NFLX","Show","Netflix","True","2019","Marvel's The Punisher","s02e01","Roadhouse Blues","2017","NULL"
584,"NFLX","Show","Netflix","True","2019","Marvel's The Punisher","s02e02","Fight or Flight","2017","NULL"
585,"NFLX","Show","Netflix","True","2019","Marvel's The Punisher","s02e03","Trouble the Water","2017","NULL"
586,"NFLX","Show","Netflix","True","2019","Marvel's The Punisher","s02e04","Scar Tissue","2017","NULL"
587,"NFLX","Show","Netflix","True","2019","Marvel's The Punisher","s02e05","One-Eyed Jacks","2017","NULL"
588,"NFLX","Show","Netflix","True","2019","Marvel's The Punisher","s02e06","Nakazat","2017","NULL"
589,"NFLX","Show","Netflix","True","2019","Marvel's The Punisher","s02e07","One Bad Day","2017","NULL"
590,"NFLX","Show","Netflix","True","2019","Marvel's The Punisher","s02e08","My Brother's Keeper","2017","NULL"
591,"NFLX","Show","Netflix","True","2019","Marvel's The Punisher","s02e09","Flustercluck","2017","NULL"
592,"NFLX","Show","Netflix","True","2019","Marvel's The Punisher","s02e10","The Dark Hearts of Men","2017","NULL"
593,"NFLX","Show","Netflix","True","2019","Marvel's The Punisher","s02e11","The Abyss","2017","NULL"
594,"NFLX","Show","Netflix","True","2019","Marvel's The Punisher","s02e12","Collision Course","2017","NULL"
595,"NFLX","Show","Netflix","True","2019","Marvel's The Punisher","s02e13","The Whirlwind","2017","NULL"
596,"NFLX","Show","Netflix","True","2019","Marvel's Jessica Jones","s03e01","A.K.A The Perfect Burger","2017","NULL"
597,"NFLX","Show","Netflix","True","2019","Marvel's Jessica Jones","s03e02","A.K.A You're Welcome","2017","NULL"
598,"NFLX","Show","Netflix","True","2019","Marvel's Jessica Jones","s03e03","A.K.A I Have No Spleen","2017","NULL"
599,"NFLX","Show","Netflix","True","2019","Marvel's Jessica Jones","s03e04","A.K.A Customer Service is Standing By","2017","NULL"
600,"NFLX","Show","Netflix","True","2019","Marvel's Jessica Jones","s03e05","A.K.A I Wish","2017","NULL"
601,"NFLX","Show","Netflix","True","2019","Marvel's Jessica Jones","s03e06","A.K.A Sorry Face","2017","NULL"
602,"NFLX","Show","Netflix","True","2019","Marvel's Jessica Jones","s03e07","A.K.A The Double Half-Wappinger","2017","NULL"
603,"NFLX","Show","Netflix","True","2019","Marvel's Jessica Jones","s03e08","A.K.A Camera Friendly","2017","NULL"
604,"NFLX","Show","Netflix","True","2019","Marvel's Jessica Jones","s03e09","A.K.A I Did Something Today","2017","NULL"
605,"NFLX","Show","Netflix","True","2019","Marvel's Jessica Jones","s03e10","A.K.A Hero Pants","2017","NULL"
606,"NFLX","Show","Netflix","True","2019","Marvel's Jessica Jones","s03e11","A.K.A Hellcat","2017","NULL"
607,"NFLX","Show","Netflix","True","2019","Marvel's Jessica Jones","s03e12","A.K.A A Lotta Worms","2017","NULL"
608,"NFLX","Show","Netflix","True","2019","Marvel's Jessica Jones","s03e13","A.K.A Everything","2017","NULL"
609,"HULU","Show","MCUPLUS","True","2017","Marvel's Runaways","s01e01","Reunion","2017","NULL"
610,"HULU","Show","MCUPLUS","True","2017","Marvel's Runaways","s01e02","Rewind","2017","NULL"
611,"HULU","Show","MCUPLUS","True","2017","Marvel's Runaways","s01e03","Destiny","2017","NULL"
612,"HULU","Show","MCUPLUS","True","2017","Marvel's Runaways","s01e04","Fifteen","2017","NULL"
613,"HULU","Show","MCUPLUS","True","2017","Marvel's Runaways","s01e05","Kingdom","2017","NULL"
614,"HULU","Show","MCUPLUS","True","2017","Marvel's Runaways","s01e06","Metamorphosis","2017","NULL"
615,"HULU","Show","MCUPLUS","True","2017","Marvel's Runaways","s01e07","Refraction","2017","NULL"
616,"HULU","Show","MCUPLUS","True","2017","Marvel's Runaways","s01e08","Tsunami","2017","NULL"
617,"HULU","Show","MCUPLUS","True","2018","Marvel's Runaways","s01e09","Doomsday","2017","NULL"
618,"HULU","Show","MCUPLUS","True","2018","Marvel's Runaways","s01e10","Hostile","2017","NULL"
619,"HULU","Show","MCUPLUS","True","2018","Marvel's Runaways","s02e01","Gimme Shelter","2017","NULL"
620,"HULU","Show","MCUPLUS","True","2018","Marvel's Runaways","s02e02","Radio On","2017","NULL"
621,"HULU","Show","MCUPLUS","True","2018","Marvel's Runaways","s02e03","Double Zeros","2017","NULL"
622,"HULU","Show","MCUPLUS","True","2018","Marvel's Runaways","s02e04","Old School","2017","NULL"
623,"HULU","Show","MCUPLUS","True","2018","Marvel's Runaways","s02e05","Rock Bottom","2017","NULL"
624,"HULU","Show","MCUPLUS","True","2018","Marvel's Runaways","s02e06","Bury Another","2017","NULL"
625,"HULU","Show","MCUPLUS","True","2018","Marvel's Runaways","s02e07","Last Rites","2017","NULL"
626,"HULU","Show","MCUPLUS","True","2018","Marvel's Runaways","s02e08","Past Life","2017","NULL"
627,"HULU","Show","MCUPLUS","True","2018","Marvel's Runaways","s02e09","Big Shot","2017","NULL"
628,"HULU","Show","MCUPLUS","True","2018","Marvel's Runaways","s02e10","Hostile Takeover","2017","NULL"
629,"HULU","Show","MCUPLUS","True","2018","Marvel's Runaways","s02e11","Last Waltz","2017","NULL"
630,"HULU","Show","MCUPLUS","True","2018","Marvel's Runaways","s02e12","Earth Angel","2017","NULL"
631,"HULU","Show","MCUPLUS","True","2018","Marvel's Runaways","s02e13","Split Up","2017","NULL"
632,"FREE","Show","MCUPLUS","True","2018","Marvel's Cloak & Dagger","s01e01","First Light","2017","NULL"
633,"FREE","Show","MCUPLUS","True","2018","Marvel's Cloak & Dagger","s01e02","Suicide Sprints","2017","NULL"
634,"FREE","Show","MCUPLUS","True","2018","Marvel's Cloak & Dagger","s01e03","Stained Glass","2017","NULL"
635,"FREE","Show","MCUPLUS","True","2018","Marvel's Cloak & Dagger","s01e04","Call/Response","2017","NULL"
636,"FREE","Show","MCUPLUS","True","2018","Marvel's Cloak & Dagger","s01e05","Princeton Offense","2017","NULL"
637,"FREE","Show","MCUPLUS","True","2018","Marvel's Cloak & Dagger","s01e06","Funhouse Mirrors","2017","NULL"
638,"FREE","Show","MCUPLUS","True","2018","Marvel's Cloak & Dagger","s01e07","Lotus Eaters","2017","NULL"
639,"FREE","Show","MCUPLUS","True","2018","Marvel's Cloak & Dagger","s01e08","Ghost Stories","2017","NULL"
640,"FREE","Show","MCUPLUS","True","2018","Marvel's Cloak & Dagger","s01e09","Back Breaker","2017","NULL"
641,"FREE","Show","MCUPLUS","True","2018","Marvel's Cloak & Dagger","s01e10","Colony Collapse","2017","NULL"
642,"FOX","Show","X-Men_Plus","True","2017","The Gifted","s01e01","eXposed","2017","NULL"
643,"FOX","Show","X-Men_Plus","True","2017","The Gifted","s01e02","rX","2017","NULL"
644,"FOX","Show","X-Men_Plus","True","2017","The Gifted","s01e03","eXodus","2017","NULL"
645,"FOX","Show","X-Men_Plus","True","2017","The Gifted","s01e04","eXit strategy","2017","NULL"
646,"FOX","Show","X-Men_Plus","True","2017","The Gifted","s01e05","boXed in","2017","NULL"
647,"FOX","Show","X-Men_Plus","True","2017","The Gifted","s01e06","got your siX","2017","NULL"
648,"FOX","Show","X-Men_Plus","True","2017","The Gifted","s01e07","eXtreme measures","2017","NULL"
649,"FOX","Show","X-Men_Plus","True","2017","The Gifted","s01e08","threat of eXtinction","2017","NULL"
650,"FOX","Show","X-Men_Plus","True","2017","The Gifted","s01e09","outfoX","2017","NULL"
651,"FOX","Show","X-Men_Plus","True","2017","The Gifted","s01e10","eXploited","2017","NULL"
652,"FX","Show","X-Men_Plus","True","2017","Legion","s01e01","Chapter 1","2017","NULL"
653,"FX","Show","X-Men_Plus","True","2017","Legion","s01e02","Chapter 2","2017","NULL"
654,"FX","Show","X-Men_Plus","True","2017","Legion","s01e03","Chapter 3","2017","NULL"
655,"FX","Show","X-Men_Plus","True","2017","Legion","s01e04","Chapter 4","2017","NULL"
656,"FX","Show","X-Men_Plus","True","2017","Legion","s01e05","Chapter 5","2017","NULL"
657,"FX","Show","X-Men_Plus","True","2017","Legion","s01e06","Chapter 6","2017","NULL"
658,"FX","Show","X-Men_Plus","True","2017","Legion","s01e07","Chapter 7","2017","NULL"
659,"FX","Show","X-Men_Plus","True","2017","Legion","s01e08","Chapter 8","2017","NULL"
660,,"Film","X-Men","True","2018","Deadpool 2",,,"2018","NULL"
661,,"Film","MCU_Sony","True","2018","Spider-Man: Into the Spider-Verse",,,"2018","NULL"
662,"FOX","Show","X-Men_Plus","True","2018","The Gifted","s01e11","3 X 1","2018","NULL"
663,"FOX","Show","X-Men_Plus","True","2018","The Gifted","s01e12","eXtraction","2018","NULL"
664,"FOX","Show","X-Men_Plus","True","2018","The Gifted","s01e13","X-roads","2018","NULL"
665,"FOX","Show","X-Men_Plus","True","2018","The Gifted","s02e01","eMergence","2018","NULL"
666,"FOX","Show","X-Men_Plus","True","2018","The Gifted","s02e02","unMoored","2018","NULL"
667,"FOX","Show","X-Men_Plus","True","2018","The Gifted","s02e03","coMplications","2018","NULL"
668,"FOX","Show","X-Men_Plus","True","2018","The Gifted","s02e04","outMatched","2018","NULL"
669,"FOX","Show","X-Men_Plus","True","2018","The Gifted","s02e05","afterMath","2018","NULL"
670,"FOX","Show","X-Men_Plus","True","2018","The Gifted","s02e06","iMprint","2018","NULL"
671,"FOX","Show","X-Men_Plus","True","2018","The Gifted","s02e07","no Mercy","2018","NULL"
672,"FOX","Show","X-Men_Plus","True","2018","The Gifted","s02e08","the dreaM","2018","NULL"
673,"FOX","Show","X-Men_Plus","True","2018","The Gifted","s02e09","gaMe changer","2018","NULL"
674,"FX","Show","X-Men_Plus","True","2018","Legion","s02e01","Chapter 9","2018","NULL"
675,"FX","Show","X-Men_Plus","True","2018","Legion","s02e02","Chapter 10","2018","NULL"
676,"FX","Show","X-Men_Plus","True","2018","Legion","s02e03","Chapter 11","2018","NULL"
677,"FX","Show","X-Men_Plus","True","2018","Legion","s02e04","Chapter 12","2018","NULL"
678,"FX","Show","X-Men_Plus","True","2018","Legion","s02e05","Chapter 13","2018","NULL"
679,"FX","Show","X-Men_Plus","True","2018","Legion","s02e06","Chapter 14","2018","NULL"
680,"FX","Show","X-Men_Plus","True","2018","Legion","s02e07","Chapter 15","2018","NULL"
681,"FX","Show","X-Men_Plus","True","2018","Legion","s02e08","Chapter 16","2018","NULL"
682,"FX","Show","X-Men_Plus","True","2018","Legion","s02e09","Chapter 17","2018","NULL"
683,"FX","Show","X-Men_Plus","True","2018","Legion","s02e10","Chapter 18","2018","NULL"
684,"FX","Show","X-Men_Plus","True","2018","Legion","s02e11","Chapter 19","2018","NULL"
685,"FREE","Show","MCUPLUS","True","2019","Marvel's Cloak & Dagger","s02e01","Restless Energy","2018","NULL"
686,"FREE","Show","MCUPLUS","True","2019","Marvel's Cloak & Dagger","s02e02","White Lines","2018","NULL"
687,"FREE","Show","MCUPLUS","True","2019","Marvel's Cloak & Dagger","s02e03","Shadow Selves","2018","NULL"
688,"FREE","Show","MCUPLUS","True","2019","Marvel's Cloak & Dagger","s02e04","Rabbit Hold","2018","NULL"
689,"FREE","Show","MCUPLUS","True","2019","Marvel's Cloak & Dagger","s02e05","Alignment Chart","2018","NULL"
690,"FREE","Show","MCUPLUS","True","2019","Marvel's Cloak & Dagger","s02e06","B Sides","2018","NULL"
691,"FREE","Show","MCUPLUS","True","2019","Marvel's Cloak & Dagger","s02e07","Vikingtown Sound","2018","NULL"
692,"FREE","Show","MCUPLUS","True","2019","Marvel's Cloak & Dagger","s02e08","Two Player","2018","NULL"
693,"FREE","Show","MCUPLUS","True","2019","Marvel's Cloak & Dagger","s02e09","Blue Note","2018","NULL"
694,"FREE","Show","MCUPLUS","True","2019","Marvel's Cloak & Dagger","s02e10","Level Up","2018","NULL"
695,"HULU","Show","MCUPLUS","True","2019","Marvel's Runaways","s03e01","Smoke and Mirrors","2018","NULL"
696,"HULU","Show","MCUPLUS","True","2019","Marvel's Runaways","s03e02","The Great Escape","2018","NULL"
697,"HULU","Show","MCUPLUS","True","2019","Marvel's Runaways","s03e03","Lord of Lies","2018","NULL"
698,"HULU","Show","MCUPLUS","True","2019","Marvel's Runaways","s03e04","Rite of Thunder","2018","NULL"
699,"HULU","Show","MCUPLUS","True","2019","Marvel's Runaways","s03e05","Enter the Dreamland","2018","NULL"
700,"HULU","Show","MCUPLUS","True","2019","Marvel's Runaways","s03e06","Merry Meet Again","2018","NULL"
701,"HULU","Show","MCUPLUS","True","2019","Marvel's Runaways","s03e07","Left-Hand Path","2018","NULL"
702,"HULU","Show","MCUPLUS","True","2019","Marvel's Runaways","s03e08","Devil's Torture Chamber","2018","NULL"
703,"HULU","Show","MCUPLUS","True","2019","Marvel's Runaways","s03e09","The Broken Circle","2018","NULL"
704,"HULU","Show","MCUPLUS","True","2019","Marvel's Runaways","s03e10","Cheat the Gallows","2018","NULL"
705,"Marvel","Film","MCU","True","2017","Thor: Ragnarok",,,"2018","NULL"
706,"ABC","Show","MCUPLUS","True","2018","Marvel's Agents of S.H.I.E.L.D.","s05e19","Option Two","2018","NULL"
707,"ABC","Show","MCUPLUS","True","2018","Marvel's Agents of S.H.I.E.L.D.","s05e20","The One Who Will Save Us All","2018","NULL"
708,"ABC","Show","MCUPLUS","True","2018","Marvel's Agents of S.H.I.E.L.D.","s05e21","The Force of Gravity","2018","NULL"
709,"ABC","Show","MCUPLUS","True","2018","Marvel's Agents of S.H.I.E.L.D.","s05e22","The End","2018","NULL"
710,"Marvel","Film","MCU","True","2018","Ant-Man and the Wasp",,,"2018","NULL"
711,"FOX","Show","X-Men_Plus","True","2019","The Gifted","s02e10","eneMy of My eneMy","2018","NULL"
712,"FOX","Show","X-Men_Plus","True","2019","The Gifted","s02e11","meMento","2018","NULL"
713,"FOX","Show","X-Men_Plus","True","2019","The Gifted","s02e12","hoMe","2018","NULL"
714,"FOX","Show","X-Men_Plus","True","2019","The Gifted","s02e13","teMpted","2018","NULL"
715,"FOX","Show","X-Men_Plus","True","2019","The Gifted","s02e14","calaMity","2018","NULL"
716,"FOX","Show","X-Men_Plus","True","2019","The Gifted","s02e15","Monsters","2018","NULL"
717,"FOX","Show","X-Men_Plus","True","2019","The Gifted","s02e16","oMens","2018","NULL"
718,"FX","Show","X-Men_Plus","True","2019","Legion","s03e01","Chapter 20","2018","NULL"
719,"FX","Show","X-Men_Plus","True","2019","Legion","s03e02","Chapter 21","2018","NULL"
720,"FX","Show","X-Men_Plus","True","2019","Legion","s03e03","Chapter 22","2018","NULL"
721,"FX","Show","X-Men_Plus","True","2019","Legion","s03e04","Chapter 23","2018","NULL"
722,"FX","Show","X-Men_Plus","True","2019","Legion","s03e05","Chapter 24","2018","NULL"
723,"FX","Show","X-Men_Plus","True","2019","Legion","s03e06","Chapter 25","2018","NULL"
724,"FX","Show","X-Men_Plus","True","2019","Legion","s03e07","Chapter 26","2018","NULL"
725,"FX","Show","X-Men_Plus","True","2019","Legion","s03e08","Chapter 27","2018","NULL"
726,"Marvel","Film","MCU","True","2018","Avengers: Infinity War",,,"2018","NULL"
727,"DPLUS","Show","MCU","False","2022","What If…?","s01e05","What If… Zombies!?","2018","NULL"
728,"ABC","Show","MCUPLUS","True","2019","Marvel's Agents of S.H.I.E.L.D.","s06e01","Missing Pieces","2018","NULL"
729,"ABC","Show","MCUPLUS","True","2019","Marvel's Agents of S.H.I.E.L.D.","s06e02","Window of Opportunity","2018","NULL"
730,"ABC","Show","MCUPLUS","True","2019","Marvel's Agents of S.H.I.E.L.D.","s06e03","Fear and Loathing on the Planet of Kitson","2018","NULL"
731,"ABC","Show","MCUPLUS","True","2019","Marvel's Agents of S.H.I.E.L.D.","s06e04","Code Yellow","2018","NULL"
732,"ABC","Show","MCUPLUS","True","2019","Marvel's Agents of S.H.I.E.L.D.","s06e05","The Other Thing","2018","NULL"
733,"ABC","Show","MCUPLUS","True","2019","Marvel's Agents of S.H.I.E.L.D.","s06e06","Inescapable","2018","NULL"
734,"ABC","Show","MCUPLUS","True","2019","Marvel's Agents of S.H.I.E.L.D.","s06e07","Toldja","2018","NULL"
735,"ABC","Show","MCUPLUS","True","2019","Marvel's Agents of S.H.I.E.L.D.","s06e08","Collision Course (Part I)","2018","NULL"
736,"ABC","Show","MCUPLUS","True","2019","Marvel's Agents of S.H.I.E.L.D.","s06e09","Collision Course (Part II)","2018","NULL"
737,"ABC","Show","MCUPLUS","True","2019","Marvel's Agents of S.H.I.E.L.D.","s06e10","Leap","2018","NULL"
738,"ABC","Show","MCUPLUS","True","2019","Marvel's Agents of S.H.I.E.L.D.","s06e11","From the Ashes","2018","NULL"
739,"ABC","Show","MCUPLUS","True","2019","Marvel's Agents of S.H.I.E.L.D.","s06e12","The Sign","2018","NULL"
740,"ABC","Show","MCUPLUS","True","2019","Marvel's Agents of S.H.I.E.L.D.","s06e13","New Life","2018","NULL"
741,"DPLUS","Show","MCU","False","2022","What If…?","s01e08","What If… Ultron Won?","2018","NULL"
742,"DPLUS","Show","MCU","False","2022","What If…?","s01e09","What If… The Watcher Broke His Oath?","2018","NULL"
743,,"Film","MIB","True","2019","Men in Black: International",,,"2019","NULL"
744,,"Film","X-Men","True","2020","The New Mutants",,,"2022","NULL"
745,"Marvel","Film","MCU","True","2019","Avengers: Endgame",,,"2023","NULL"
746,"DPLUS","Show","MCU","True","2021","WandaVision","s01e01","Filmed Before a Live Studio Audience","2023","NULL"
747,"DPLUS","Show","MCU","True","2021","WandaVision","s01e02","Don't Touch That Dial","2023","NULL"
748,"DPLUS","Show","MCU","True","2021","WandaVision","s01e03","Now in Color","2023","NULL"
749,"DPLUS","Show","MCU","True","2021","WandaVision","s01e04","We Interrupt This Program","2023","NULL"
750,"DPLUS","Show","MCU","True","2021","WandaVision","s01e05","On a Very Special Episode...","2023","NULL"
751,"DPLUS","Show","MCU","True","2021","WandaVision","s01e06","All-New Halloween Spooktacular!","2023","NULL"
752,"DPLUS","Show","MCU","True","2021","WandaVision","s01e07","Breaking the Fourth Wall","2023","NULL"
753,"DPLUS","Show","MCU","True","2021","WandaVision","s01e08","Previously On","2023","NULL"
754,"DPLUS","Show","MCU","True","2021","WandaVision","s01e09","The Series Finale","2023","NULL"
755,"DPLUS","Show","MCU","True","2021","Loki","s01e01","Glorious Purpose","2023","NULL"
756,"DPLUS","Show","MCU","True","2021","Loki","s01e02","The Variant","2023","NULL"
757,"DPLUS","Show","MCU","True","2021","Loki","s01e03","Lamentis","2023","NULL"
758,"DPLUS","Show","MCU","True","2021","Loki","s01e04","The Nexus Event","2023","NULL"
759,"DPLUS","Show","MCU","True","2021","Loki","s01e05","Journey Into Mystery","2023","NULL"
760,"DPLUS","Show","MCU","True","2021","Loki","s01e06","For All Time. Always.","2023","NULL"
761,"Marvel","Film","MCU","True","2021","Shang-Chi and the Legend of the Ten Rings",,,"2023","NULL"
762,"DPLUS","Show","MCU","True","2021","The Falcon and the Winter Soldier","s01e01","New World Order","2023","NULL"
763,"DPLUS","Show","MCU","True","2021","The Falcon and the Winter Soldier","s01e02","The Star-Spangled Man","2023","NULL"
764,"DPLUS","Show","MCU","True","2021","The Falcon and the Winter Soldier","s01e03","Power Broker","2023","NULL"
765,"DPLUS","Show","MCU","True","2021","The Falcon and the Winter Soldier","s01e04","The Whole World Is Watching","2023","NULL"
766,"DPLUS","Show","MCU","True","2021","The Falcon and the Winter Soldier","s01e05","Truth","2023","NULL"
767,"DPLUS","Show","MCU","True","2021","The Falcon and the Winter Soldier","s01e06","One World, One People","2023","NULL"
768,"Marvel","Film","MCU","True","2019","Spider-Man: Far from Home",,,"2024","NULL"
769,"WEB","Show","MCUPLUS","True","2019","The Daily Bugle","s01e01","Spider-Man Responsible for Death of Mysterio","2019","NULL"
770,"WEB","Show","MCUPLUS","True","2019","The Daily Bugle","s01e02","Amateur Footage from Tower Bridge Attack","2019","NULL"
771,"WEB","Show","MCUPLUS","True","2019","The Daily Bugle","s01e03","Spider-Man is an Evil Psychopath - Abusing Powers","2019","NULL"
772,"WEB","Show","MCUPLUS","True","2019","The Daily Bugle","s01e04","Bombshell Exclusive: Spider-Man Unmasked!","2019","NULL"
773,"WEB","Show","MCUPLUS","True","2019","The Daily Bugle","s01e05","Coney Island to Spider-Man: Bug Off, WEBHEAD!","2019","NULL"
774,"WEB","Show","MCUPLUS","True","2019","The Daily Bugle","s01e06","Prime Minister to President: Pay Up!","2019","NULL"
775,"Marvel","Film","MCU","True","2021","Spider-Man: No Way Home",,,"2024","NULL"
776,"WEB","Show","MCUPLUS","True","2021","The Daily Bugle","s02e01","The Daily Bugle Joins TikTok","2021","NULL"
777,"WEB","Show","MCUPLUS","True","2021","The Daily Bugle","s02e02","Tell Us You Hate Spider-Man...","2021","NULL"
778,"WEB","Show","MCUPLUS","True","2021","The Daily Bugle","s02e03","Join Us as an Intern","2021","NULL"
779,"WEB","Show","MCUPLUS","True","2021","The Daily Bugle","s02e04","Lightning and Sand Storms in NYC?","2021","NULL"
780,"WEB","Show","MCUPLUS","True","2021","The Daily Bugle","s02e05","Do YOU Have What it Takes","2021","NULL"
781,"WEB","Show","MCUPLUS","True","2021","The Daily Bugle","s02e06","Burning Questions with Betty Brant - Guest: Coach Wilson","2021","NULL"
782,"WEB","Show","MCUPLUS","True","2021","The Daily Bugle","s02e07","Burning Questions with Betty Brant - Guest: Flash Thompson","2021","NULL"
783,"WEB","Show","MCUPLUS","True","2021","The Daily Bugle","s02e08","Burning Questions with Betty Brant - Guest: Ned Leeds","2021","NULL"
784,"WEB","Show","MCUPLUS","True","2021","The Daily Bugle","s02e09","Put a Finger Down: Daily Bugle Edition","2021","NULL"
785,"WEB","Show","MCUPLUS","True","2021","The Daily Bugle","s02e10","Breaking News! Peter Parker aka. Spider-Man has been Released!","2021","NULL"
786,"WEB","Show","MCUPLUS","True","2021","The Daily Bugle","s02e11","Burning Questions with Betty Brant - Guest: Peter Parker","2021","NULL"
787,"WEB","Show","MCUPLUS","True","2021","The Daily Bugle","s02e12","I was Definitely Hired for my Journalist Skills and No Other Reason, Right??","2021","NULL"
788,"WEB","Show","MCUPLUS","True","2022","The Daily Bugle","s02e13","""Get your fix on Daily Bugle Supplements today! #Sponsored""","2022","NULL"
789,"WEB","Show","MCUPLUS","True","2022","The Daily Bugle","s04e01","Spider-Man's Web of Lies...","2022","NULL"
790,"WEB","Show","MCUPLUS","True","2022","The Daily Bugle","s04e02","Spider Sycophant Revealed","2022","NULL"
791,"WEB","Show","MCUPLUS","True","2022","The Daily Bugle","s04e03","Sticky Street Job!","2022","NULL"
792,"WEB","Show","MCUPLUS","True","2022","The Daily Bugle","s04e04","Spider-Menace Tip Line","2022","NULL"
793,"WEB","Show","MCUPLUS","True","2022","The Daily Bugle","s04e05","Savies! The New Selfies","2022","NULL"
794,"WEB","Show","MCUPLUS","True","2022","The Daily Bugle","s04e06","Spider-Menace Strikes Again!","2022","NULL"
795,,"Film","MCU_Sony","True","2021","Venom: Let There Be Carnage",,,"2022","NULL"
796,,"Film","MCU_Sony","True","2022","Morbius",,,"2022","NULL"
797,"WEB","Show","MCUPLUS","True","2022","The Daily Bugle","s03e01","BREAKING NEWS about Dr. Michael Morbius from our NEW Social Correspondent","2022","NULL"
798,"WEB","Show","MCUPLUS","True","2022","The Daily Bugle","s03e02","Dr. Michael Morbius is missing!","2022","NULL"
799,"WEB","Show","MCUPLUS","True","2022","The Daily Bugle","s03e03","Dr. Michael Morbius has been found looking… healthier than ever","2022","NULL"
800,"WEB","Show","MCUPLUS","True","2022","The Daily Bugle","s03e04","A super creature spotted in New York City!","2022","NULL"
801,,"Film","X-Men","True","2014","X-Men: Days of Future Past",,,"2023","NULL"
802,"Marvel","Film","MCU","True","2021","Eternals",,,"2024","NULL"
803,"DPLUS","Show","MCU","True","2021","Hawkeye","s01e01","Never Meet Your Heroes","2024","NULL"
804,"DPLUS","Show","MCU","True","2021","Hawkeye","s01e02","Hide and Seek","2024","NULL"
805,"DPLUS","Show","MCU","True","2021","Hawkeye","s01e03","Echoes","2024","NULL"
806,"DPLUS","Show","MCU","True","2021","Hawkeye","s01e04","Partners, Am I Right?","2024","NULL"
807,"DPLUS","Show","MCU","True","2021","Hawkeye","s01e05","Ronin","2024","NULL"
808,"DPLUS","Show","MCU","True","2021","Hawkeye","s01e06","So This Is Christmas?","2024","NULL"
809,"DPLUS","Show","MCU","True","2021","Hawkeye (2021)","s01e01","Never Meet Your Heroes","2024","NULL"
810,"DPLUS","Show","MCU","True","2021","Hawkeye (2021)","s01e02","Hide and Seek","2024","NULL"
811,"DPLUS","Show","MCU","True","2021","Hawkeye (2021)","s01e03","Echoes","2024","NULL"
812,"DPLUS","Show","MCU","True","2021","Hawkeye (2021)","s01e04","Partners, Am I Right?","2024","NULL"
813,"DPLUS","Show","MCU","True","2021","Hawkeye (2021)","s01e05","Ronin","2024","NULL"
814,"DPLUS","Show","MCU","True","2021","Hawkeye (2021)","s01e06","So This Is Christmas?","2024","NULL"
815,"Marvel","Film","MCU","True","2022","Doctor Strange in the Multiverse of Madness",,,"2025","NULL"
816,"DPLUS","Show","MCU","True","2022","Moon Knight","s01e01","The Goldfish Problem","2025","NULL"
817,"DPLUS","Show","MCU","True","2022","Moon Knight","s01e02","Summon the Suit","2025","NULL"
818,"DPLUS","Show","MCU","True","2022","Moon Knight","s01e03","The Friendly Type","2025","NULL"
819,"DPLUS","Show","MCU","True","2022","Moon Knight","s01e04","The Tomb","2025","NULL"
820,"DPLUS","Show","MCU","True","2022","Moon Knight","s01e05","Asylum","2025","NULL"
821,"DPLUS","Show","MCU","True","2022","Moon Knight","s01e06","Gods and Monsters","2025","NULL"
822,"DPLUS","Show","MCU","True","2022","She-Hulk: Attorney at Law","s01e01","A Normal Amount of Rage","2025","NULL"
823,"DPLUS","Show","MCU","True","2022","She-Hulk: Attorney at Law","s01e02","Superhuman Law","2025","NULL"
824,"DPLUS","Show","MCU","True","2022","She-Hulk: Attorney at Law","s01e03","The People vs. Emil Blonsky","2025","NULL"
825,"DPLUS","Show","MCU","True","2022","She-Hulk: Attorney at Law","s01e04","Is This Not Real Magic?","2025","NULL"
826,"DPLUS","Show","MCU","True","2022","She-Hulk: Attorney at Law","s01e05","Mean, Green, and Straight Poured into These Jeans","2025","NULL"
827,"DPLUS","Show","MCU","True","2022","She-Hulk: Attorney at Law","s01e06","Just Jen","2025","NULL"
828,"DPLUS","Show","MCU","True","2022","She-Hulk: Attorney at Law","s01e07","The Retreat","2025","NULL"
829,"DPLUS","Show","MCU","True","2022","She-Hulk: Attorney at Law","s01e08","Ribbit and Rip it","2025","NULL"
830,"DPLUS","Show","MCU","True","2022","She-Hulk: Attorney at Law","s01e09","Whose Show is This?","2025","NULL"
831,"DPLUS","Show","MCU","True","2022","Ms. Marvel","s01e01","Generation Why","2025","NULL"
832,"DPLUS","Show","MCU","True","2022","Ms. Marvel","s01e02","Crushed","2025","NULL"
833,"DPLUS","Show","MCU","True","2022","Ms. Marvel","s01e03","Destined","2025","NULL"
834,"DPLUS","Show","MCU","True","2022","Ms. Marvel","s01e04","Seeing Red","2025","NULL"
835,"DPLUS","Show","MCU","True","2022","Ms. Marvel","s01e05","Time and Again","2025","NULL"
836,"DPLUS","Show","MCU","True","2022","Ms. Marvel","s01e06","No Normal","2025","NULL"
837,"Marvel","Film","MCU","True","2022","Thor: Love and Thunder",,,"2025","NULL"
838,"DPLUS","Film","MCU","True","2022","Werewolf by Night",,,"2025","NULL"
839,"Marvel","Film","MCU","True","2022","Black Panther: Wakanda Forever",,,"2025","NULL"
840,"Marvel","Film","MCU","True","2022","The Guardians of the Galaxy Holiday Special",,,"2026","NULL"
841,,"Film","X-Men","True","2017","Logan",,,"2029","NULL"
842,"ABC","Show","MCUPLUS","True","2017","Marvel's Agents of S.H.I.E.L.D.","s05e01","Orientation, Part One","2091","NULL"
843,"ABC","Show","MCUPLUS","True","2017","Marvel's Agents of S.H.I.E.L.D.","s05e02","Orientation, Part Two","2091","NULL"
844,"ABC","Show","MCUPLUS","True","2017","Marvel's Agents of S.H.I.E.L.D.","s05e03","A Life Spent","2091","NULL"
845,"ABC","Show","MCUPLUS","True","2017","Marvel's Agents of S.H.I.E.L.D.","s05e04","A Life Earned","2091","NULL"
846,"ABC","Show","MCUPLUS","True","2017","Marvel's Agents of S.H.I.E.L.D.","s05e05","Rewind","2091","NULL"
847,"ABC","Show","MCUPLUS","True","2018","Marvel's Agents of S.H.I.E.L.D.","s05e06","Fun & Games","2091","NULL"
848,"ABC","Show","MCUPLUS","True","2018","Marvel's Agents of S.H.I.E.L.D.","s05e07","Together or Not at All","2091","NULL"
849,"ABC","Show","MCUPLUS","True","2018","Marvel's Agents of S.H.I.E.L.D.","s05e08","The Last Day","2091","NULL"
850,"ABC","Show","MCUPLUS","True","2018","Marvel's Agents of S.H.I.E.L.D.","s05e09","Best Laid Plans","2091","NULL"
851,"ABC","Show","MCUPLUS","True","2018","Marvel's Agents of S.H.I.E.L.D.","s05e10","Past Life","2091","NULL"
852,"ABC","Show","MCUPLUS","True","2018","Marvel's Agents of S.H.I.E.L.D.","s05e11","All the Comforts of Home","2091","NULL"
853,"ABC","Show","MCUPLUS","True","2018","Marvel's Agents of S.H.I.E.L.D.","s05e12","The Real Deal","2091","NULL"
854,"ABC","Show","MCUPLUS","True","2018","Marvel's Agents of S.H.I.E.L.D.","s05e13","Principia","2091","NULL"
855,"ABC","Show","MCUPLUS","True","2018","Marvel's Agents of S.H.I.E.L.D.","s05e14","The Devil Complex","2091","NULL"
856,"ABC","Show","MCUPLUS","True","2018","Marvel's Agents of S.H.I.E.L.D.","s05e15","Rise and Shine","2091","NULL"
857,"ABC","Show","MCUPLUS","True","2018","Marvel's Agents of S.H.I.E.L.D.","s05e16","Inside Voices","2091","NULL"
858,"ABC","Show","MCUPLUS","True","2018","Marvel's Agents of S.H.I.E.L.D.","s05e17","The Honeymoon","2091","NULL"
859,"ABC","Show","MCUPLUS","True","2018","Marvel's Agents of S.H.I.E.L.D.","s05e18","All Roads Lead...","2091","NULL"
860,,"Film","BigHero","False","2014","Big Hero 6",,,"2150","NULL"
861,"DIS","Show","BigHero","False","2017","Big Hero 6 The Series","S01E01","Baymax Returns","2150","NULL"
862,"DIS","Show","BigHero","False","2018","Big Hero 6 The Series","S01E02","Issue 188","2150","NULL"
863,"DIS","Show","BigHero","False","2018","Big Hero 6 The Series","S01E03","Big Roommates 2","2150","NULL"
864,"DIS","Show","BigHero","False","2018","Big Hero 6 The Series","S01E04","Fred's Bro-Tillion","2150","NULL"
865,"DIS","Show","BigHero","False","2018","Big Hero 6 The Series","S01E05","Food Fight","2150","NULL"
866,"DIS","Show","BigHero","False","2018","Big Hero 6 The Series","S01E06","Muirahara Woods","2150","NULL"
867,"DIS","Show","BigHero","False","2018","Big Hero 6 The Series","S01E07","Failure Mode","2150","NULL"
868,"DIS","Show","BigHero","False","2018","Big Hero 6 The Series","S01E08","Aunt Cass Goes Out","2150","NULL"
869,"DIS","Show","BigHero","False","2018","Big Hero 6 The Series","S01E09","The Impatient Patient","2150","NULL"
870,"DIS","Show","BigHero","False","2018","Big Hero 6 The Series","S01E10","Mr. Sparkles Loses His Sparkle","2150","NULL"
871,"DIS","Show","BigHero","False","2018","Big Hero 6 The Series","S01E11","Killer App","2150","NULL"
872,"DIS","Show","BigHero","False","2018","Big Hero 6 The Series","S01E12","Small Hiro One","2150","NULL"
873,"DIS","Show","BigHero","False","2018","Big Hero 6 The Series","S01E13","Kentucky Kaiju","2150","NULL"
874,"DIS","Show","BigHero","False","2018","Big Hero 6 The Series","S01E14","Rivalry Weak","2150","NULL"
875,"DIS","Show","BigHero","False","2018","Big Hero 6 The Series","S01E15","Fan Friction","2150","NULL"
876,"DIS","Show","BigHero","False","2018","Big Hero 6 The Series","S01E16","Mini-Max","2150","NULL"
877,"DIS","Show","BigHero","False","2018","Big Hero 6 The Series","S01E17","Big Hero 7","2150","NULL"
878,"DIS","Show","BigHero","False","2018","Big Hero 6 The Series","S01E18","Big Problem","2150","NULL"
879,"DIS","Show","BigHero","False","2018","Big Hero 6 The Series","S01E19","Steamer's Revenge","2150","NULL"
880,"DIS","Show","BigHero","False","2018","Big Hero 6 The Series","S01E20","The Bot Fighter","2150","NULL"
881,"DIS","Show","BigHero","False","2018","Big Hero 6 The Series","S01E21","Obake Yashiki","2150","NULL"
882,"DIS","Show","BigHero","False","2018","Big Hero 6 The Series","S01E22","Countdown to Catastrophe  season finale","2150","NULL"
883,"DIS","Show","BigHero","False","2019","Big Hero 6 The Series","S02E01","Internabout","2150","NULL"
884,"DIS","Show","BigHero","False","2019","Big Hero 6 The Series","S02E02","Seventh Wheel","2150","NULL"
885,"DIS","Show","BigHero","False","2019","Big Hero 6 The Series","S02E03","Prey Date","2150","NULL"
886,"DIS","Show","BigHero","False","2019","Big Hero 6 The Series","S02E04","Something's Fishy","2150","NULL"
887,"DIS","Show","BigHero","False","2019","Big Hero 6 The Series","S02E05","Nega-Globby","2150","NULL"
888,"DIS","Show","BigHero","False","2019","Big Hero 6 The Series","S02E06","The Fate of the Roommates","2150","NULL"
889,"DIS","Show","BigHero","False","2019","Big Hero 6 The Series","S02E07","Muira-Horror!","2150","NULL"
890,"DIS","Show","BigHero","False","2019","Big Hero 6 The Series","S02E08","Something Fluffy","2150","NULL"
891,"DIS","Show","BigHero","False","2019","Big Hero 6 The Series","S02E09","Supersonic Sue","2150","NULL"
892,"DIS","Show","BigHero","False","2019","Big Hero 6 The Series","S02E10","Lie Detector","2150","NULL"
893,"DIS","Show","BigHero","False","2019","Big Hero 6 The Series","S02E11","Write Turn Here","2150","NULL"
894,"DIS","Show","BigHero","False","2019","Big Hero 6 The Series","S02E12","City of Monsters (1)","2150","NULL"
895,"DIS","Show","BigHero","False","2019","Big Hero 6 The Series","S02E13","City of Monsters (2)","2150","NULL"
896,"DIS","Show","BigHero","False","2019","Big Hero 6 The Series","S02E14","Mini-Maximum Trouble","2150","NULL"
897,"DIS","Show","BigHero","False","2019","Big Hero 6 The Series","S02E15","El Fuego","2150","NULL"
898,"DIS","Show","BigHero","False","2019","Big Hero 6 The Series","S02E16","The Globby Within","2150","NULL"
899,"DIS","Show","BigHero","False","2019","Big Hero 6 The Series","S02E17","Hardlight","2150","NULL"
900,"DIS","Show","BigHero","False","2019","Big Hero 6 The Series","S02E18","The Present","2150","NULL"
901,"DIS","Show","BigHero","False","2020","Big Hero 6 The Series","S02E19","Hiro the Villain","2150","NULL"
902,"DIS","Show","BigHero","False","2020","Big Hero 6 The Series","S02E20","Portal Enemy","2150","NULL"
903,"DIS","Show","BigHero","False","2020","Big Hero 6 The Series","S02E21","Fred the Fugitive","2150","NULL"
904,"DIS","Show","BigHero","False","2020","Big Hero 6 The Series","S02E22","Major Blast","2150","NULL"
905,"DIS","Show","BigHero","False","2020","Big Hero 6 The Series","S02E23","Fear Not","2150","NULL"
906,"DIS","Show","BigHero","False","2020","Big Hero 6 The Series","S02E24","Legacies  season finale","2150","NULL"
907,"DIS","Show","BigHero","False","2020","Big Hero 6 The Series","S03E01","The Hyper-potamus Pizza-Party-torium","2150","NULL"
908,"DIS","Show","BigHero","False","2020","Big Hero 6 The Series","S03E02","Mayor for a Day","2150","NULL"
909,"DIS","Show","BigHero","False","2020","Big Hero 6 The Series","S03E03","The Dog Craze of Summer","2150","NULL"
910,"DIS","Show","BigHero","False","2020","Big Hero 6 The Series","S03E04","Trading Chips","2150","NULL"
911,"DIS","Show","BigHero","False","2020","Big Hero 6 The Series","S03E05","Mini Noodle Burger Max","2150","NULL"
912,"DIS","Show","BigHero","False","2020","Big Hero 6 The Series","S03E06","A Friendly Face","2150","NULL"
913,"DIS","Show","BigHero","False","2020","Big Hero 6 The Series","S03E07","Big Chibi 6","2150","NULL"
914,"DIS","Show","BigHero","False","2020","Big Hero 6 The Series","S03E08","Cobra and Mongoose","2150","NULL"
915,"DIS","Show","BigHero","False","2020","Big Hero 6 The Series","S03E09","Better Off Fred","2150","NULL"
916,"DIS","Show","BigHero","False","2020","Big Hero 6 The Series","S03E10","Big Hero Battle","2150","NULL"
917,"DIS","Show","BigHero","False","2020","Big Hero 6 The Series","S03E11","Go Go the Wooweroo","2150","NULL"
918,"DIS","Show","BigHero","False","2020","Big Hero 6 The Series","S03E12","The New Nega-Globby","2150","NULL"
919,"DIS","Show","BigHero","False","2020","Big Hero 6 The Series","S03E13","De-Based","2150","NULL"
920,"DIS","Show","BigHero","False","2021","Big Hero 6 The Series","S03E14","The MiSFIT","2150","NULL"
921,"DIS","Show","BigHero","False","2021","Big Hero 6 The Series","S03E15","Return to Sycorax","2150","NULL"
922,"DIS","Show","BigHero","False","2021","Big Hero 6 The Series","S03E16","A Fresh Sparkles","2150","NULL"
923,"DIS","Show","BigHero","False","2021","Big Hero 6 The Series","S03E17","Noodle Burger Ploy","2150","NULL"
924,"DIS","Show","BigHero","False","2021","Big Hero 6 The Series","S03E18","Krei-oke Night","2150","NULL"
925,"DIS","Show","BigHero","False","2021","Big Hero 6 The Series","S03E19","The Mascot Upshot  season finale","2150","NULL"
